"FROTA";"ANO";"MES";"LAT";"LON";"EFF";"LAGE";"BRANCA";"BANDOLIM"
"BRA";1998;1;0;25;24520;1600;100;2900
"BRA";1998;1;0;30;155450;38500;1000;43900
"BRA";1998;1;0;35;12626;0;0;0
"BRA";1998;1;5;25;34300;15800;900;7900
"BRA";1998;1;5;30;2750;0;0;0
"BRA";1998;1;10;30;192666;8800;101800;7500
"BRA";1998;1;10;35;109705;4100;71900;1500
"BRA";1998;1;15;25;11430;200;900;0
"BRA";1998;1;20;25;19380;400;1200;400
"BRA";1998;1;20;30;5400;0;0;0
"BRA";1998;1;20;35;2700;0;0;0
"BRA";1998;1;20;40;900;0;0;0
"BRA";1998;1;25;25;1020;0;0;0
"BRA";1998;1;25;45;4600;0;0;0
"BRA";1998;1;30;45;1850;0;0;0
"BRA";1998;2;0;25;2380;100;0;400
"BRA";1998;2;0;30;96830;7800;400;22200
"BRA";1998;2;0;35;1657;0;0;0
"BRA";1998;2;0;35;1000;200;0;0
"BRA";1998;2;5;20;2700;100;0;400
"BRA";1998;2;5;25;27460;900;200;4900
"BRA";1998;2;5;30;3461;0;0;0
"BRA";1998;2;5;30;7820;700;300;300
"BRA";1998;2;5;35;549;0;0;0
"BRA";1998;2;10;30;62368;2300;23200;1800
"BRA";1998;2;10;35;71910;3100;40800;1200
"BRA";1998;2;15;25;18900;1300;2200;200
"BRA";1998;2;15;30;1000;0;0;0
"BRA";1998;2;15;30;3640;100;0;0
"BRA";1998;2;15;35;61236;2100;41500;0
"BRA";1998;2;20;20;15800;2000;1800;0
"BRA";1998;2;20;25;2040;0;0;0
"BRA";1998;2;20;25;4000;0;0;0
"BRA";1998;2;20;30;6700;0;0;0
"BRA";1998;2;20;30;1100;100;200;0
"BRA";1998;2;20;35;900;0;0;0
"BRA";1998;2;20;40;6600;0;0;0
"BRA";1998;2;25;40;900;0;0;0
"BRA";1998;2;25;45;900;0;0;0
"BRA";1998;3;0;20;11030;100;0;1800
"BRA";1998;3;0;25;17154;0;0;0
"BRA";1998;3;0;25;5400;100;0;800
"BRA";1998;3;0;30;8300;14200;100;0
"BRA";1998;3;0;30;35325;0;0;0
"BRA";1998;3;0;35;34745;0;0;0
"BRA";1998;3;0;35;10200;12300;100;0
"BRA";1998;3;5;20;105300;1200;400;26100
"BRA";1998;3;5;25;2550;100;0;600
"BRA";1998;3;5;25;12000;0;0;0
"BRA";1998;3;5;30;11373;0;0;0
"BRA";1998;3;5;30;2550;0;0;500
"BRA";1998;3;5;35;330;0;0;0
"BRA";1998;3;15;25;1000;200;200;0
"BRA";1998;3;15;30;1100;600;200;0
"BRA";1998;3;15;35;186646;5600;161200;700
"BRA";1998;3;20;25;6000;200;100;0
"BRA";1998;3;20;30;4400;700;500;0
"BRA";1998;3;20;40;1000;0;0;0
"BRA";1998;3;25;35;2000;0;0;0
"BRA";1998;3;25;45;900;0;0;0
"BRA";1998;3;30;35;1100;0;0;0
"BRA";1998;3;30;40;6000;0;0;0
"BRA";1998;3;30;45;12600;0;0;0
"BRA";1998;3;30;50;1000;0;0;0
"BRA";1998;4;0;25;4800;0;0;0
"BRA";1998;4;0;30;37048;0;0;0
"BRA";1998;4;0;30;16800;27100;2900;11400
"BRA";1998;4;0;35;1000;800;100;0
"BRA";1998;4;0;35;24368;0;0;0
"BRA";1998;4;5;25;2400;0;0;0
"BRA";1998;4;5;30;12441;0;0;0
"BRA";1998;4;5;35;339;0;0;0
"BRA";1998;4;10;35;18528;300;19400;500
"BRA";1998;4;15;35;139528;700;107300;800
"BRA";1998;4;20;35;11042;0;7200;100
"BRA";1998;4;25;45;1000;0;0;0
"BRA";1998;4;30;45;11600;0;0;0
"BRA";1998;4;35;40;20028;200;20700;0
"BRA";1998;4;35;45;900;0;0;0
"BRA";1998;5;0;25;15520;0;0;0
"BRA";1998;5;0;25;3700;11500;800;0
"BRA";1998;5;0;30;19248;0;0;0
"BRA";1998;5;0;30;4350;2100;0;0
"BRA";1998;5;0;35;21260;0;0;0
"BRA";1998;5;0;35;4830;100;100;100
"BRA";1998;5;5;30;1200;0;0;0
"BRA";1998;5;5;35;700;0;0;0
"BRA";1998;5;15;25;6000;0;0;0
"BRA";1998;5;15;30;2880;0;0;0
"BRA";1998;5;20;25;2000;0;0;0
"BRA";1998;5;25;40;2400;0;0;0
"BRA";1998;5;25;45;2300;0;0;0
"BRA";1998;5;30;40;3600;0;0;0
"BRA";1998;5;30;45;13700;0;0;0
"BRA";1998;5;30;45;34920;300;23200;800
"BRA";1998;5;30;50;9000;0;0;0
"BRA";1998;5;35;40;141868;2000;140800;300
"BRA";1998;5;35;45;72390;1200;62600;200
"BRA";1998;5;35;50;30200;100;22200;400
"BRA";1998;6;0;30;23680;0;0;0
"BRA";1998;6;0;35;16160;0;0;0
"BRA";1998;6;10;30;41700;300;0;7500
"BRA";1998;6;10;30;1700;0;0;0
"BRA";1998;6;15;25;30500;1800;700;200
"BRA";1998;6;15;25;5760;0;0;0
"BRA";1998;6;15;30;34700;1000;600;0
"BRA";1998;6;15;30;31680;0;0;0
"BRA";1998;6;15;35;2700;0;0;0
"BRA";1998;6;20;25;2420;0;0;0
"BRA";1998;6;20;30;5000;0;0;0
"BRA";1998;6;25;40;1000;0;0;0
"BRA";1998;6;25;45;17300;0;0;0
"BRA";1998;6;30;30;3720;200;3700;100
"BRA";1998;6;30;40;2900;0;0;0
"BRA";1998;6;30;45;215100;14000;184000;3900
"BRA";1998;6;30;45;14900;0;0;0
"BRA";1998;6;30;50;900;0;0;0
"BRA";1998;6;35;45;82630;10000;69900;1700
"BRA";1998;6;35;50;7200;600;5200;100
"BRA";1998;7;0;0;900;0;0;0
"BRA";1998;7;0;30;15020;0;0;0
"BRA";1998;7;0;35;9600;0;0;0
"BRA";1998;7;5;25;4962;0;0;0
"BRA";1998;7;5;30;22259;0;0;0
"BRA";1998;7;10;25;3800;300;0;0
"BRA";1998;7;10;30;1900;0;0;0
"BRA";1998;7;15;25;36200;1900;900;700
"BRA";1998;7;15;30;117600;2400;400;0
"BRA";1998;7;20;30;28900;2900;1900;0
"BRA";1998;7;20;35;1900;0;0;0
"BRA";1998;7;25;35;5700;0;100;0
"BRA";1998;7;25;45;8200;0;0;0
"BRA";1998;7;25;45;11040;100;3200;100
"BRA";1998;7;30;45;6300;0;0;0
"BRA";1998;7;30;45;273670;15100;167700;5500
"BRA";1998;7;30;50;117034;10800;139400;9400
"BRA";1998;7;30;50;1200;0;0;0
"BRA";1998;7;35;40;3840;100;2400;100
"BRA";1998;7;35;45;62140;2300;38000;1800
"BRA";1998;8;0;0;3720;200;0;3100
"BRA";1998;8;0;30;1100;0;0;200
"BRA";1998;8;0;30;2000;0;0;0
"BRA";1998;8;0;35;17940;0;0;0
"BRA";1998;8;5;30;9875;0;0;0
"BRA";1998;8;10;30;4500;100;200;400
"BRA";1998;8;15;30;12400;200;100;0
"BRA";1998;8;15;35;1100;0;0;0
"BRA";1998;8;25;35;22800;0;600;0
"BRA";1998;8;25;40;37960;0;500;0
"BRA";1998;8;25;45;10560;600;13600;1000
"BRA";1998;8;30;40;3720;200;1000;0
"BRA";1998;8;30;45;1200;0;0;0
"BRA";1998;8;30;45;180036;29500;88500;31600
"BRA";1998;8;30;50;6850;0;0;0
"BRA";1998;8;30;50;200333;22200;166600;13200
"BRA";1998;9;0;30;18540;0;0;0
"BRA";1998;9;0;35;4500;0;0;0
"BRA";1998;9;0;45;3600;200;900;100
"BRA";1998;9;5;30;16928;0;0;0
"BRA";1998;9;15;35;18480;400;9600;0
"BRA";1998;9;15;35;2880;0;0;0
"BRA";1998;9;20;40;2400;0;0;0
"BRA";1998;9;25;40;82045;0;1200;100
"BRA";1998;9;25;45;1900;0;0;0
"BRA";1998;9;25;45;49440;1400;24300;600
"BRA";1998;9;30;45;128165;7200;26200;2800
"BRA";1998;9;30;45;950;0;0;0
"BRA";1998;9;30;50;13100;0;0;0
"BRA";1998;9;30;50;19584;300;4400;400
"BRA";1998;9;35;45;6304;300;1500;100
"BRA";1998;9;35;50;7304;300;1600;0
"BRA";1998;10;0;0;3550;200;200;600
"BRA";1998;10;0;20;15600;100;100;2100
"BRA";1998;10;0;25;25359;800;2300;2200
"BRA";1998;10;0;30;25135;0;0;0
"BRA";1998;10;0;30;38913;2500;500;6600
"BRA";1998;10;0;35;17645;0;0;0
"BRA";1998;10;0;35;5600;500;0;100
"BRA";1998;10;5;30;13800;0;0;0
"BRA";1998;10;5;30;156272;8600;101300;8900
"BRA";1998;10;10;30;27260;3300;8200;1800
"BRA";1998;10;10;35;33540;2300;6500;5400
"BRA";1998;10;15;30;3600;100;600;0
"BRA";1998;10;15;35;900;0;0;0
"BRA";1998;10;15;35;84780;1700;62400;100
"BRA";1998;10;20;25;13470;1000;7100;0
"BRA";1998;10;20;30;1000;0;0;0
"BRA";1998;10;20;35;62020;1000;22300;100
"BRA";1998;10;20;45;1000;400;100;0
"BRA";1998;10;25;25;5280;0;0;0
"BRA";1998;10;25;30;7680;0;0;0
"BRA";1998;10;25;30;6820;1800;300;0
"BRA";1998;10;25;35;7536;0;0;0
"BRA";1998;10;25;35;11100;1900;4200;0
"BRA";1998;10;25;40;37010;1900;8700;0
"BRA";1998;10;25;40;4676;0;0;0
"BRA";1998;10;25;45;1000;200;0;0
"BRA";1998;10;25;45;5449;0;0;0
"BRA";1998;10;30;35;1920;200;200;0
"BRA";1998;10;30;40;4999;0;0;0
"BRA";1998;10;30;45;950;0;0;0
"BRA";1998;10;30;50;3800;0;0;0
"BRA";1998;11;0;0;4500;2800;0;0
"BRA";1998;11;0;25;800;0;0;0
"BRA";1998;11;0;25;115935;6100;800;25400
"BRA";1998;11;0;30;134458;10700;2000;25500
"BRA";1998;11;0;30;18190;0;0;0
"BRA";1998;11;0;35;5100;2200;0;0
"BRA";1998;11;0;35;20870;0;0;0
"BRA";1998;11;5;25;9050;0;2300;0
"BRA";1998;11;5;30;294009;8000;157400;13100
"BRA";1998;11;5;30;8250;0;0;0
"BRA";1998;11;10;15;2850;100;400;200
"BRA";1998;11;10;25;18576;0;8500;0
"BRA";1998;11;10;30;270882;4200;109000;2800
"BRA";1998;11;10;35;182603;5200;93400;700
"BRA";1998;11;15;10;2700;200;400;100
"BRA";1998;11;15;15;1800;200;100;100
"BRA";1998;11;15;25;3600;300;200;0
"BRA";1998;11;20;20;900;200;100;0
"BRA";1998;11;20;25;6500;400;500;100
"BRA";1998;11;20;30;900;200;300;0
"BRA";1998;11;25;25;1000;0;0;0
"BRA";1998;11;25;30;7000;0;0;0
"BRA";1998;11;25;40;8000;0;0;0
"BRA";1998;12;0;0;9000;0;0;0
"BRA";1998;12;0;25;116693;4200;200;29700
"BRA";1998;12;0;30;41000;5300;0;19600
"BRA";1998;12;0;30;19380;0;0;0
"BRA";1998;12;0;35;22300;9000;0;0
"BRA";1998;12;0;35;8150;0;0;0
"BRA";1998;12;5;25;37980;600;1000;5900
"BRA";1998;12;5;30;15384;0;5700;0
"BRA";1998;12;10;25;11800;200;3900;700
"BRA";1998;12;10;30;430002;5100;170100;3300
"BRA";1998;12;10;35;103480;1200;31500;800
"BRA";1998;12;15;25;24200;2000;4400;900
"BRA";1998;12;15;30;205760;2100;94000;300
"BRA";1998;12;15;35;37505;100;16000;0
"BRA";1998;12;20;20;14300;800;2000;0
"BRA";1998;12;20;25;8000;300;1900;0
"BRA";1998;12;20;30;14200;200;7500;0
"BRA";1999;1;0;25;800;82,9533;0;0
"BRA";1999;1;0;30;11405;8295,33;5064,83;324,1744
"BRA";1999;1;0;35;5600;2571,5523;0;0
"BRA";1999;1;20;35;2000;0;34,77;0
"BRA";1999;1;20;40;15400;82,9533;57,95;7,3676
"BRA";1999;1;25;40;4800;0;11,59;7,3676
"BRA";1999;1;25;45;8200;746,5797;11,59;0
"BRA";1999;2;0;25;2400;663,6264;0;0
"BRA";1999;2;0;30;49045;27291,6357;602,68;2298,6912
"BRA";1999;2;0;35;12200;3069,2721;11,59;243,1308
"BRA";1999;2;10;35;3000;0;0;14,7352
"BRA";1999;2;15;35;12100;1244,2995;57,95;0
"BRA";1999;2;20;30;13200;497,7198;776,53;29,4704
"BRA";1999;2;20;35;7000;1327,2528;69,54;0
"BRA";1999;2;20;40;29400;165,9066;34,77;58,9408
"BRA";1999;2;25;40;15700;497,7198;162,26;58,9408
"BRA";1999;2;25;45;26156;1078,3929;139,08;243,1308
"BRA";1999;3;0;25;1050;1161,3462;231,8;0
"BRA";1999;3;0;30;68455;66030,8268;3210,43;3698,5352
"BRA";1999;3;0;35;7232;6885,1239;11,59;412,5856
"BRA";1999;3;5;30;800;82,9533;0;0
"BRA";1999;3;20;25;14550;995,4396;197,03;7,3676
"BRA";1999;3;20;30;21300;11696,4153;753,35;58,9408
"BRA";1999;3;20;35;6000;1244,2995;254,98;0
"BRA";1999;3;20;40;18100;248,8599;57,95;29,4704
"BRA";1999;3;20;45;8070;248,8599;46,36;139,9844
"BRA";1999;3;25;35;4000;0;11,59;0
"BRA";1999;3;25;40;10690;0;115,9;51,5732
"BRA";1999;3;25;45;53501;2405,6457;220,21;567,3052
"BRA";1999;3;30;35;2000;0;11,59;0
"BRA";1999;4;0;25;14600;10949,8356;81,13;390,4828
"BRA";1999;4;0;30;51716;28867,7484;2804,78;2070,2956
"BRA";1999;4;0;35;8752;4479,4782;498,37;139,9844
"BRA";1999;4;5;30;2000;248,8599;11,59;22,1028
"BRA";1999;4;20;25;10516;1659,066;81,13;14,7352
"BRA";1999;4;20;30;24311;10866,8823;370,88;125,2492
"BRA";1999;4;20;35;1800;0;0;7,3676
"BRA";1999;4;20;40;35000;6802,1706;1135,82;58,9408
"BRA";1999;4;25;35;5200;0;23,18;0
"BRA";1999;4;25;40;22280;0;347,7;287,3364
"BRA";1999;4;25;45;1720;0;11,59;0
"BRA";1999;4;30;35;2000;0;11,59;0
"BRA";1999;4;30;45;1200;414,7665;46,36;0
"BRA";1999;5;0;25;3100;1161,3462;34,77;29,4704
"BRA";1999;5;0;30;39900;27042,7758;683,81;832,5388
"BRA";1999;5;0;35;14352;414,7665;0;95,7788
"BRA";1999;5;20;25;14400;1990,8792;57,95;66,3084
"BRA";1999;5;20;30;6000;414,7665;11,59;7,3676
"BRA";1999;5;20;40;9400;912,4863;312,93;2939,6724
"BRA";1999;5;25;40;31900;0;1089,46;582,0404
"BRA";1999;5;25;45;41000;331,8132;3001,81;1075,6696
"BRA";1999;6;0;25;2800;0;208,62;0
"BRA";1999;6;0;30;23800;8958,9564;394,06;287,3364
"BRA";1999;6;0;35;10210;414,7665;127,49;7,3676
"BRA";1999;6;5;30;2800;414,7665;0;7,3676
"BRA";1999;6;20;40;5000;82,9533;150,67;1259,8596
"BRA";1999;6;25;40;4200;165,9066;382,47;29,4704
"BRA";1999;6;25;45;38480;1327,2528;2271,64;250,4984
"BRA";1999;6;30;45;12900;1742,0193;2364,36;81,0436
"BRA";1999;7;0;30;13400;3235,1787;173,85;0
"BRA";1999;7;0;35;7320;82,9533;11,59;0
"BRA";1999;7;5;30;13900;3235,1787;336,11;162,0872
"BRA";1999;7;10;30;5800;3815,8518;57,95;0
"BRA";1999;7;20;40;3200;0;11,59;0
"BRA";1999;7;20;45;1200;0;57,95;7,3676
"BRA";1999;7;25;40;63300;20489,4651;2758,42;1075,6696
"BRA";1999;7;25;45;54660;2903,3655;1900,76;1267,2272
"BRA";1999;7;30;45;1100;248,8599;0;0
"BRA";1999;8;0;30;540;0;0;0
"BRA";1999;8;0;35;7220;2654,5056;11,59;44,2056
"BRA";1999;8;5;30;11120;1742,0193;57,95;14,7352
"BRA";1999;8;5;35;520;0;0;0
"BRA";1999;8;20;40;25200;663,6264;718,58;302,0716
"BRA";1999;8;25;40;47400;1990,8792;1877,58;1105,14
"BRA";1999;8;25;45;42860;11032,7889;2063,02;302,0716
"BRA";1999;8;30;45;22700;15595,2204;1750,09;169,4548
"BRA";1999;9;0;30;800;165,9066;11,59;14,7352
"BRA";1999;9;0;35;11290;4728,3381;104,31;22,1028
"BRA";1999;9;5;25;800;82,9533;11,59;0
"BRA";1999;9;5;30;5400;1078,3929;173,85;139,9844
"BRA";1999;9;20;40;21200;1161,3462;46,36;7,3676
"BRA";1999;9;25;35;2000;82,9533;69,54;0
"BRA";1999;9;25;40;36800;1327,2528;718,58;287,3364
"BRA";1999;9;25;45;20600;1244,2995;683,81;125,2492
"BRA";1999;9;30;35;4900;2073,8325;0;14,7352
"BRA";1999;9;30;40;1000;331,8132;0;7,3676
"BRA";1999;9;30;45;19500;4562,4315;486,78;36,838
"BRA";1999;10;0;30;4800;995,4396;173,85;58,9408
"BRA";1999;10;0;35;13500;5309,0112;301,34;810,436
"BRA";1999;10;5;30;13800;4064,7117;301,34;0
"BRA";1999;10;5;35;1000;165,9066;0;29,4704
"BRA";1999;10;10;35;5000;0;115,9;110,514
"BRA";1999;10;20;40;11400;165,9066;139,08;22,1028
"BRA";1999;10;25;35;1000;248,8599;0;0
"BRA";1999;10;25;40;28600;2488,599;359,29;110,514
"BRA";1999;10;25;45;33800;1990,8792;231,8;154,7196
"BRA";1999;10;30;40;8000;3318,132;127,49;58,9408
"BRA";1999;10;30;45;17000;3235,1787;475,19;117,8816
"BRA";1999;10;30;50;2000;18249,726;428,83;66,3084
"BRA";1999;11;0;30;25800;19908,792;741,76;1554,5636
"BRA";1999;11;0;35;6400;4230,6183;57,95;361,0124
"BRA";1999;11;5;30;12000;5226,0579;776,53;14,7352
"BRA";1999;11;5;35;900;0;11,59;29,4704
"BRA";1999;11;10;35;21000;11115,7422;788,12;51,5732
"BRA";1999;11;15;30;1000;0;23,18;81,0436
"BRA";1999;11;15;35;13000;2571,5523;347,7;117,8816
"BRA";1999;11;20;35;3000;82,9533;11,59;0
"BRA";1999;11;20;40;7000;248,8599;11,59;7,3676
"BRA";1999;11;25;40;2000;0;23,18;0
"BRA";1999;12;0;30;19200;13355,4813;486,78;1046,1992
"BRA";1999;12;0;35;12300;14102,061;23,18;346,2772
"BRA";1999;12;5;30;13800;4562,4315;556,32;58,9408
"BRA";1999;12;10;35;2630;829,533;289,75;14,7352
"BRA";1999;12;15;30;1100;165,9066;34,77;0
"BRA";1999;12;15;35;4400;663,6264;197,03;0
"BRA";1999;12;20;30;7900;746,5797;81,13;0
"BRA";1999;12;20;35;21100;29116,6083;822,89;44,2056
"BRA";1999;12;20;40;19600;414,7665;0;0
"BRA";1999;12;25;40;4600;82,9533;23,18;0
"BRA";1999;12;25;45;20200;912,4863;23,18;7,3676
"BRA";1999;12;30;45;1200;829,533;0;7,3676
"BRA";1999;12;30;50;2400;3898,8051;0;0
"BRA";2000;1;0;30;66400;12827,76;1524,37;17725,18
"BRA";2000;1;0;35;4000;348,04;21,47;2261,13
"BRA";2000;1;5;30;1000;447,48;21,47;51,98
"BRA";2000;1;10;30;1200;174,02;0;77,97
"BRA";2000;1;10;35;2400;24,86;0;441,83
"BRA";2000;1;15;35;1200;24,86;21,47;0
"BRA";2000;2;0;20;800;74,58;85,88;0
"BRA";2000;2;0;25;3400;348,04;21,47;831,68
"BRA";2000;2;0;30;124030;18446,12;4637,52;21909,57
"BRA";2000;2;0;35;9200;2013,66;42,94;2754,94
"BRA";2000;2;5;30;900;223,74;42,94;25,99
"BRA";2000;2;20;25;900;0;42,94;0
"BRA";2000;3;0;20;1000;74,58;42,94;25,99
"BRA";2000;3;0;25;11200;2610,3;236,17;1429,45
"BRA";2000;3;0;30;73390;11535,04;3091,68;6939,33
"BRA";2000;3;0;35;22600;2013,66;579,69;5457,9
"BRA";2000;3;5;30;1700;348,04;21,47;0
"BRA";2000;3;10;30;1800;0;21,47;25,99
"BRA";2000;3;15;30;1800;0;21,47;0
"BRA";2000;3;20;25;1800;0;21,47;0
"BRA";2000;4;0;20;1200;24,86;0;77,97
"BRA";2000;4;0;25;20720;1019,26;128,82;2884,89
"BRA";2000;4;0;30;24700;1019,26;128,82;1637,37
"BRA";2000;4;0;35;19000;198,88;0;0
"BRA";2000;4;30;35;500;0;0;0
"BRA";2000;5;0;20;1000;24,86;42,94;77,97
"BRA";2000;5;0;25;10700;422,62;558,22;675,74
"BRA";2000;5;0;30;14700;969,54;300,58;1299,5
"BRA";2000;5;0;35;20880;1690,48;236,17;519,8
"BRA";2000;5;5;30;11600;447,48;64,41;493,81
"BRA";2000;6;0;30;5250;223,74;42,94;0
"BRA";2000;6;0;35;14650;223,74;0;25,99
"BRA";2000;6;5;30;12030;845,24;42,94;415,84
"BRA";2000;6;10;25;5480;74,58;300,58;77,97
"BRA";2000;6;25;45;4000;16,95;203,4;0
"BRA";2000;6;30;45;5100;129,95;531,1;33,9
"BRA";2000;7;0;30;15900;931,12;42,94;1092,71
"BRA";2000;7;0;35;21550;223,74;0;0
"BRA";2000;7;5;25;1100;24,86;0;0
"BRA";2000;7;5;30;26300;1038,47;1187,63;1770,71
"BRA";2000;7;10;30;13400;546,92;987,62;493,81
"BRA";2000;7;25;45;28000;4796,85;3802,45;442,96
"BRA";2000;7;30;45;13350;4723,4;2113,1;169,5
"BRA";2000;7;30;50;10000;870,1;2615,95;519,8
"BRA";2000;8;0;30;14400;720,94;21,47;1091,58
"BRA";2000;8;0;35;17200;124,3;0;0
"BRA";2000;8;0;40;8000;198,88;0;129,95
"BRA";2000;8;5;30;37270;757,1;1748,11;1498,38
"BRA";2000;8;5;35;1900;0;21,47;155,94
"BRA";2000;8;10;35;2700;0;141,25;0
"BRA";2000;8;25;35;6000;226;158,2;0
"BRA";2000;8;25;40;2000;56,5;11,3;0
"BRA";2000;8;25;45;7000;163,85;193,23;0
"BRA";2000;8;30;40;3100;316,4;33,9;0
"BRA";2000;8;30;45;23900;581,95;84,75;0
"BRA";2000;8;30;50;4000;768,4;118,65;0
"BRA";2000;9;0;30;5950;230,52;0;175,15
"BRA";2000;9;0;35;20800;1588,78;21,47;33,9
"BRA";2000;9;5;30;10600;253,12;375,16;765,01
"BRA";2000;9;15;40;1100;0;0;0
"BRA";2000;9;25;40;2000;0;0;0
"BRA";2000;9;25;45;7100;209,05;33,9;0
"BRA";2000;9;30;45;7200;1627,2;135,6;67,8
"BRA";2000;9;30;50;11800;4497,4;293,8;33,9
"BRA";2000;10;0;30;9850;1939,08;386,46;1403,46
"BRA";2000;10;0;35;13000;836,2;0;0
"BRA";2000;10;5;30;27200;795,52;791;1779,75
"BRA";2000;10;10;30;13200;56,5;169,5;1921
"BRA";2000;10;10;35;3600;0;0;1921
"BRA";2000;10;15;35;3600;0;0;282,5
"BRA";2000;10;25;40;2000;56,5;0;0
"BRA";2000;10;25;45;10000;175,15;45,2;0
"BRA";2000;10;30;45;9000;310,75;118,65;0
"BRA";2000;10;30;50;14000;7887,4;1017;1553,75
"BRA";2000;11;0;30;44887;6255,68;792,13;5049,97
"BRA";2000;11;0;35;19350;4746;0;0
"BRA";2000;11;5;25;2400;0;271,2;73,45
"BRA";2000;11;5;30;13200;565;1808;2457,75
"BRA";2000;11;10;30;6000;0;1293,85;977,45
"BRA";2000;11;25;40;4000;0;45,2;0
"BRA";2000;11;25;45;4000;84,75;22,6;0
"BRA";2000;11;30;40;1000;90,4;0;0
"BRA";2000;11;30;45;24100;751,45;292,67;96,05
"BRA";2000;11;30;50;5000;378,55;135,6;16,95
"BRA";2000;12;0;30;42050;4592,32;7297,54;1987,67
"BRA";2000;12;0;35;7200;1914,22;0;0
"BRA";2000;12;5;30;21168;1837,38;2904,1;2499,56
"BRA";2000;12;10;25;9600;101,7;1276,9;361,6
"BRA";2000;12;30;45;11000;412,45;113;254,25
"BRA";2000;12;30;50;8000;259,9;67,8;0
"BRA";2001;1;0;25;7900;2013,999;98,0275;1213,846
"BRA";2001;1;0;30;71750;13528,1566;1882,8625;12919,064
"BRA";2001;1;0;35;34350;3972,515;39,211;592,12
"BRA";2001;1;15;20;3600;56,5;389,85;67,8
"BRA";2001;1;15;25;1200;0;90,4;0
"BRA";2001;2;0;20;1190;309,846;19,6055;266,454
"BRA";2001;2;0;25;26810;2663,184;236,622;9407,702
"BRA";2001;2;0;30;115210;14065,901;2372,2655;21794,084
"BRA";2001;2;0;35;8050;278,8614;137,2385;236,848
"BRA";2001;2;10;30;1200;309,846;39,211;177,636
"BRA";2001;3;0;20;2300;76,1846;36,5555;67,8
"BRA";2001;3;0;25;16380;938,6458;381,488;1446,174
"BRA";2001;3;0;30;105216;15394,894;3110,7205;15699,316
"BRA";2001;3;0;35;18800;1826,2608;134,583;714,838
"BRA";2001;4;0;20;1150;0;39,55;0
"BRA";2001;4;0;25;37520;2695,6602;254,8715;3049,418
"BRA";2001;4;0;30;84580;11957,8634;2643,5785;6082,338
"BRA";2001;4;0;35;7400;526,7382;117,633;769,756
"BRA";2001;4;5;30;2200;180,8;0;0
"BRA";2001;4;10;25;1200;0;0;0
"BRA";2001;5;0;25;2300;0;37,29;0
"BRA";2001;5;0;30;33900;3372,5754;1409,9575;1496,12
"BRA";2001;5;0;35;4600;526,7382;58,8165;118,424
"BRA";2001;5;5;30;2200;0;0;50,85
"BRA";2001;5;15;30;1200;30,9846;39,211;266,454
"BRA";2001;6;0;25;2600;0;19,6055;296,06
"BRA";2001;6;0;30;19700;1115,4456;333,2935;2398,086
"BRA";2001;6;10;30;1000;123,9384;0;0
"BRA";2001;6;15;25;1240;0;0;0
"BRA";2001;7;0;30;18800;2602,7064;196,055;3227,054
"BRA";2001;7;15;25;1280;0;0;0
"BRA";2001;9;5;25;8960;350,3;197,75;694,95
"BRA";2001;10;0;25;4300;61,9692;155,2055;1103,332
"BRA";2001;10;0;30;800;0;0;0
"BRA";2001;10;0;35;8000;0;0;947,392
"BRA";2001;10;5;25;19550;214,7;870,1;3260,05
"BRA";2001;10;15;45;1150;0;135,6;113
"BRA";2001;11;0;25;7000;92,9538;137,2385;1598,724
"BRA";2001;11;0;30;800;123,9384;0;0
"BRA";2001;11;0;35;9600;10379,841;0;1598,724
"BRA";2001;11;5;25;9200;0;966,15;1869,02
"BRA";2001;11;10;25;8054;0;1542,45;1011,35
"BRA";2001;12;0;35;18600;5825,1048;0;236,848
"BRA";2001;12;5;30;2850;509,63;1817,04;113
"BRA";2001;12;10;25;3452;0;406,8;180,8
"BRA";2001;12;15;20;4608;0;254,25;152,55
"BRA";2001;12;15;25;9150;0;644,1;96,05
"BRA";2002;1;0;30;19360;1789,92;0;1454,31
"BRA";2002;1;0;35;34150;2108,58;0;265,55
"BRA";2002;1;0;40;4000;0;0;76,84
"BRA";2002;1;15;25;11150;0;1271,25;197,75
"BRA";2002;1;20;25;2230;0;176,28;39,55
"BRA";2002;1;30;25;1400;50;0;0
"BRA";2002;1;30;30;81050;1101,05;397,45;0
"BRA";2002;1;30;35;12450;372,9;0;0
"BRA";2002;1;30;45;7280;342;34;0
"BRA";2002;1;35;30;1280;0;0;0
"BRA";2002;1;35;45;3000;158,2;11,3;0
"BRA";2002;2;0;25;7800;2131,18;188,71;1098,36
"BRA";2002;2;0;30;13100;6543,83;73,45;1654,32
"BRA";2002;2;0;35;3100;624,89;28,25;149,16
"BRA";2002;2;5;30;1300;207,92;22,6;40,68
"BRA";2002;2;15;25;20070;0;1593,3;836,2
"BRA";2002;2;20;25;5575;0;186,45;180,8
"BRA";2002;2;25;30;9900;124,3;16,95;0
"BRA";2002;2;30;25;25590;321,872973;471,5590909;0
"BRA";2002;2;30;30;124410;796,077027;546,9209091;0
"BRA";2002;2;30;35;29550;540,5;20,34;15
"BRA";2002;2;30;40;4000;22,6;56,5;0
"BRA";2002;2;35;35;2000;0;0;0
"BRA";2002;3;0;25;5000;1039,6;22,6;325,44
"BRA";2002;3;0;30;16370;1830,6;216,96;978,58
"BRA";2002;3;0;35;11800;1932,3;0;76,84
"BRA";2002;3;0;40;1100;0;0;0
"BRA";2002;3;5;25;1000;711,9;22,6;153,68
"BRA";2002;3;5;30;1300;311,88;113;81,36
"BRA";2002;3;5;35;7000;3000,15;50,85;653,14
"BRA";2002;3;15;25;1115;0;203,4;0
"BRA";2002;3;25;30;10250;129,8290323;113;87
"BRA";2002;3;25;35;4240;0;0;0
"BRA";2002;3;25;40;20220;1103,120732;29,95;2273,15
"BRA";2002;3;25;45;18600;196,4166667;175,3888889;57,85714286
"BRA";2002;3;30;25;111880;5310,159376;1536,306667;213
"BRA";2002;3;30;30;55070;386,8935484;443,2166667;200,2857143
"BRA";2002;3;30;35;14560;169,4020737;19,96666667;6,571428571
"BRA";2002;3;30;40;14000;49,42857143;217,3111111;26,28571429
"BRA";2002;3;30;50;1000;6000;700;0
"BRA";2002;4;0;25;1800;159,33;27,12;117,52
"BRA";2002;4;0;30;12790;2465,66;79,1;0
"BRA";2002;4;0;35;13310;1525,5;0;345,78
"BRA";2002;4;0;55;1200;424,88;0;0
"BRA";2002;4;5;35;2000;1576,35;39,55;307,36
"BRA";2002;4;25;30;950;0;0;0
"BRA";2002;4;25;45;14150;108,7294118;432,1176471;440,1451613
"BRA";2002;4;30;30;1150;0;0;0
"BRA";2002;4;30;45;17100;343,7627528;922,9609533;358,1067767
"BRA";2002;4;30;50;37670;2778,321871;2349,645538;1159,960853
"BRA";2002;4;35;50;2200;146,1859649;145,0758621;251,8372093
"BRA";2002;5;0;30;1200;33,9;0;0
"BRA";2002;5;0;40;1200;0;0;0
"BRA";2002;5;0;45;4530;0;0;0
"BRA";2002;5;5;40;1150;0;0;0
"BRA";2002;5;5;45;4550;0;0;0
"BRA";2002;5;25;45;49960;467,6304348;1479,313174;302,0077519
"BRA";2002;5;30;15;1000;203,4;113;0
"BRA";2002;5;30;35;1400;14;63;0
"BRA";2002;5;30;40;3520;14;163;0
"BRA";2002;5;30;45;48910;802,0478998;4997,074441;1535,379264
"BRA";2002;5;30;50;70530;8920,121665;11339,26238;9570,912984
"BRA";2002;6;0;35;8200;0;0;0
"BRA";2002;6;0;40;1300;0;0;0
"BRA";2002;6;25;35;16280;0;86,13023256;0
"BRA";2002;6;25;40;3620;0;83,99534884;30
"BRA";2002;6;25;45;28390;375,2591549;1177,494954;190,8703704
"BRA";2002;6;30;30;9825;0;247,6244186;0
"BRA";2002;6;30;35;2040;0;0;0
"BRA";2002;6;30;40;12730;598,6404834;242,0507937;0
"BRA";2002;6;30;45;29550;9369,219459;3530,260465;1207,412156
"BRA";2002;6;30;50;73190;55710,1809;11004,59379;9792,467474
"BRA";2002;7;0;30;14170;0;50,85;0
"BRA";2002;7;25;40;1220;0;67,8;33,9
"BRA";2002;7;25;45;59550;109,6;3562,268572;928,0798587
"BRA";2002;7;30;45;66590;7177,276109;8467,459465;2131,040936
"BRA";2002;7;30;50;89550;23451,95296;8940,169899;6253,285246
"BRA";2002;8;0;30;1120;0;0;0
"BRA";2002;8;20;45;2950;0;146,9;0
"BRA";2002;8;25;40;9300;2648;1560,5;78
"BRA";2002;8;25;45;54595;621,5817391;4353,941966;604,7086957
"BRA";2002;8;30;15;1000;22,6;45,2;0
"BRA";2002;8;30;40;800;0;0;33,9
"BRA";2002;8;30;45;32615;1548,478261;1636,495726;912,3913043
"BRA";2002;8;30;50;29260;5214,9;1152,592308;2097,1
"BRA";2002;8;35;45;3000;0;723,2;0
"BRA";2002;8;35;50;1000;0;485,9;0
"BRA";2002;9;0;30;10690;0;127,69;0
"BRA";2002;9;20;45;1020;745;230;0
"BRA";2002;9;25;30;1100;0;0;0
"BRA";2002;9;25;35;3300;0;0;0
"BRA";2002;9;25;40;3200;1717;295;0
"BRA";2002;9;25;45;56155;12495,3;3813,55;772,65
"BRA";2002;9;30;35;2200;0;0;0
"BRA";2002;9;30;40;4400;0;0;0
"BRA";2002;9;30;45;37800;2909;1629;665
"BRA";2002;9;30;50;43240;7898,022222;3305,577778;9483,65
"BRA";2002;9;35;45;1100;1656,222222;913,7777778;0
"BRA";2002;9;35;50;3400;373;724;37
"BRA";2002;10;20;45;1000;1597;410;0
"BRA";2002;10;25;45;28000;8872,430769;1350,2;0
"BRA";2002;10;30;40;2000;140;120;0
"BRA";2002;10;30;45;20000;3963,461538;367,5;355
"BRA";2002;10;30;50;11200;972,7076923;107,7;56,5
"BRA";2002;10;35;40;1100;0;45,2;0
"BRA";2002;10;35;45;19250;122,35;77,15;183
"BRA";2002;10;35;50;1050;0;0;70
"BRA";2002;11;20;40;1250;0;0;0
"BRA";2002;11;20;45;990;352;20;0
"BRA";2002;11;25;40;3100;2343;530;0
"BRA";2002;11;25;45;14350;7394;1165;0
"BRA";2002;11;30;25;8400;127,8;33,9;117,2333333
"BRA";2002;11;30;30;33700;1155,4;216,05;425
"BRA";2002;11;30;35;5750;0;0;109,4666667
"BRA";2002;11;30;40;1400;30;0;88,05714286
"BRA";2002;11;30;45;4600;281;33,33333333;117,8571429
"BRA";2002;11;30;50;36150;11954;1022,666667;4769,485714
"BRA";2002;11;35;45;2200;338;20;0
"BRA";2002;12;0;25;5910;0;1621,55;0
"BRA";2002;12;0;30;6350;0;339;0
"BRA";2002;12;0;35;12700;0;50,85;0
"BRA";2002;12;25;45;7100;0;0;0
"BRA";2002;12;30;25;7600;105,2;0;153,9
"BRA";2002;12;30;30;12850;787,1;15;160,4
"BRA";2002;12;30;45;1200;3700;15;40
"BRA";2002;12;30;50;3300;2384,3;0;0
"BRA";2003;4;0;25;18300;0;610;4980
"BRA";2003;4;5;25;1220;0;0;20
"BRA";2003;5;0;0;1220;0;0;25
"BRA";2003;5;0;25;26840;0;255;3985
"BRA";2003;5;0;30;3660;0;65;425
"BRA";2003;5;5;30;2440;0;15;85
"BRA";2003;6;0;30;5200;0;35;625
"BRA";2003;9;0;25;11200;915;452;100
"BRA";2003;9;0;30;2400;90;135;65
"BRA";2003;9;5;30;13440;1005;880;230
"BRA";2003;10;5;30;23520;140;2175;1610
"BRA";2003;11;0;25;2880;1500;940;822
"BRA";2003;11;5;25;20800;8100;6595;3995
"BRA";2003;11;10;25;6240;2780;620;1480
"BRA";2003;12;5;25;4160;1305;725;1420
"BRA";2003;12;5;30;2080;980;90;340
"BRA";2003;12;10;15;2200;0;0;0
"BRA";2003;12;10;20;5500;0;0;0
"BRA";2003;12;10;25;5200;1560;965;1275
"BRA";2003;1;30;45;3310;127;37;0
"BRA";2003;1;30;50;15480;349;182;336
"BRA";2003;1;35;40;3200;0;0;0
"BRA";2003;1;35;45;27850;383;186;0
"BRA";2003;1;35;50;3900;29;29;45
"BRA";2003;2;30;25;1100;0;0;2
"BRA";2003;2;30;30;9740;139;21;22
"BRA";2003;2;30;35;4350;0;0;8
"BRA";2003;2;30;40;6700;105;61;12
"BRA";2003;2;30;45;1000;36;0;3
"BRA";2003;2;35;30;1000;0;0;3
"BRA";2003;2;35;45;19200;203;148;0
"BRA";2003;3;25;45;5950;80;0;0
"BRA";2003;3;30;40;3000;80;34;0
"BRA";2003;3;30;45;13000;207;11;0
"BRA";2003;3;30;50;15400;119;114;113
"BRA";2003;4;25;45;15200;226;774;96
"BRA";2003;4;30;45;13800;110;883;201
"BRA";2003;4;30;50;10500;63;879;81
"BRA";2003;4;35;45;2300;609;0;4
"BRA";2003;4;35;50;1100;0;54;2
"BRA";2003;5;25;45;18900;1096;72;90
"BRA";2003;5;30;45;37250;2110;1743;258
"BRA";2003;5;30;50;37850;4806;6484;3251
"BRA";2003;6;25;45;23400;971;294;339
"BRA";2003;6;30;40;900;0;30;0
"BRA";2003;6;30;45;31000;3974;2745;1408
"BRA";2003;6;30;50;37400;6741;4622;4848
"BRA";2003;7;25;45;46420;2551;9190;4206
"BRA";2003;7;30;45;42040;240;3645;648
"BRA";2003;7;30;50;38930;1087;1952;1753
"BRA";2003;8;25;40;21300;0;401;686
"BRA";2003;8;25;45;16600;723;671;105
"BRA";2003;8;30;45;71100;19944;7535;1129
"BRA";2003;8;30;50;12500;853;1331;1272
"BRA";2003;9;25;40;13150;93;90;121
"BRA";2003;9;25;45;21200;287;1124;388
"BRA";2003;9;30;45;6450;209;474;311
"BRA";2003;9;30;50;46200;11668;3758;4796
"BRA";2003;10;25;35;5000;203;101;0
"BRA";2003;10;25;40;5000;118;0;68
"BRA";2003;10;25;45;3200;84;63;0
"BRA";2003;10;30;35;1000;0;0;0
"BRA";2003;10;30;40;4000;102;0;271
"BRA";2003;10;30;45;27370;606;319;60
"BRA";2003;10;30;50;9910;1255;248;689
"BRA";2003;10;35;45;1900;0;0;51
"BRA";2003;11;20;40;4900;0;0;0
"BRA";2003;11;25;30;3650;0;0;0
"BRA";2003;11;25;35;2000;0;0;0
"BRA";2003;11;25;40;1950;45;0;0
"BRA";2003;11;25;45;138960;197;309;198
"BRA";2003;11;30;30;5300;57;0;0
"BRA";2003;11;30;40;3150;0;0;7
"BRA";2003;11;30;45;33600;1130;297;110
"BRA";2003;11;30;50;27000;578;425;1469
"BRA";2003;11;35;45;13100;1158;422;0
"BRA";2003;12;25;30;1900;0;0;0
"BRA";2003;12;25;45;22380;0;0;0
"BRA";2003;12;30;25;10400;67;0;0
"BRA";2003;12;30;30;13450;168;0;72
"BRA";2003;12;30;35;900;0;0;0
"BRA";2003;12;30;45;12000;23;0;0
"BRA";2003;1;0;25;5600;0;0;0
"BRA";2003;1;0;30;1400;0;0;0
"BRA";2003;1;25;45;9700;0;0;0
"BRA";2003;1;30;45;1000;0;0;0
"BRA";2003;1;35;45;10000;160;50;0
"BRA";2003;2;0;30;11200;0;0;0
"BRA";2003;3;0;30;700;0;0;0
"BRA";2003;4;0;30;3500;0;0;0
"BRA";2003;5;0;30;15300;210;350;460
"BRA";2003;7;0;25;4850;0;36;220
"BRA";2003;7;0;30;15600;3420;80;3405
"BRA";2003;7;5;30;1300;70;20;90
"BRA";2003;8;0;30;3980;223;85;20
"BRA";2003;8;5;30;800;25;45;100
"BRA";2003;9;0;25;12000;1200;350;1640
"BRA";2003;9;5;30;10800;1740;60;600
"BRA";2003;10;0;25;28400;1050;470;1766
"BRA";2003;10;0;30;13200;750;0;500
"BRA";2003;10;10;30;6900;0;0;0
"BRA";2003;11;0;0;1200;47;0;333
"BRA";2003;11;0;20;1200;0;40;0
"BRA";2003;11;0;25;41200;2874;1118;4958
"BRA";2003;11;0;30;63100;8979;1161;16622
"BRA";2003;11;0;35;1250;130;20;300
"BRA";2003;11;5;20;16100;0;0;0
"BRA";2003;11;5;30;6000;641;542;592
"BRA";2003;11;10;20;4600;0;0;0
"BRA";2003;11;10;25;5750;0;0;0
"BRA";2003;11;10;30;2300;0;0;0
"BRA";2003;11;15;0;2400;0;0;0
"BRA";2003;11;15;20;8400;0;197;0
"BRA";2003;12;0;25;9800;0;0;0
"BRA";2003;12;0;30;44000;5029;1264;10984
"BRA";2003;12;15;25;12650;0;0;0
"BRA";2003;12;15;30;2300;0;0;0
"BRA";2003;12;20;25;19550;0;0;0
"BRA";2003;1;35;40;750;0;0;0
"BRA";2003;1;35;45;7500;100;40;0
"BRA";2003;4;30;50;5250;830;2430;265
"BRA";2003;4;35;50;750;70;455;50
"BRA";2003;5;30;45;750;140;90;110
"BRA";2003;5;30;50;6000;1360;1320;370
"BRA";2003;6;30;50;2250;810;300;240
"BRA";2003;6;35;45;750;440;200;90
"BRA";2003;6;35;50;1500;520;290;80
"BRA";2003;7;30;50;6000;225;0;1235
"BRA";2003;8;30;50;3000;420;520;460
"BRA";2003;8;35;50;1500;280;420;220
"BRA";2003;9;30;50;8102;5785;1190;970
"BRA";2003;10;30;50;7850;5975;485;260
"BRA";2003;10;60;50;686;550;80;0
"BRA";2003;11;30;50;7134;2870;395;920
"BRA";2003;11;35;50;1435;270;50;230
"BRA";2003;12;30;40;750;110;20;0
"BRA";2003;12;30;45;2120;330;35;0
"BRA";2003;12;30;50;1450;310;20;170
"BRA";2003;12;35;45;2150;310;65;0
"BRA";2003;11;25;35;3600;30;20;0
"BRA";2003;11;25;40;8400;95;20;0
"BRA";2003;11;25;45;1200;0;0;0
"BRA";2003;11;30;30;4400;20;20;0
"BRA";2003;11;30;35;4800;20;0;0
"BRA";2003;12;25;35;6600;0;0;0
"BRA";2003;12;25;40;3600;0;20;0
"BRA";2003;12;30;25;10100;0;40;0
"BRA";2003;12;30;30;17000;20;20;0
"BRA";2003;12;30;35;3500;0;0;0
"BRA-ESP";2003;1;0;25;3345;135;0;0
"BRA-ESP";2003;1;0;30;28565;122;180;0
"BRA-ESP";2003;1;15;25;9985;639;0;264
"BRA-ESP";2003;1;15;30;7554;0;0;0
"BRA-ESP";2003;1;20;20;20185;0;0;0
"BRA-ESP";2003;1;20;25;40656;4639;1840;5015
"BRA-ESP";2003;1;20;30;4150;1235;610;985
"BRA-ESP";2003;1;20;45;1050;275;75;260
"BRA-ESP";2003;2;0;30;9206;0;235;0
"BRA-ESP";2003;2;10;25;1000;193;0;84
"BRA-ESP";2003;2;10;30;4857;0;0;0
"BRA-ESP";2003;2;15;25;20000;3066;0;2732
"BRA-ESP";2003;2;15;30;8140;0;0;0
"BRA-ESP";2003;2;20;20;4000;917;0;1056
"BRA-ESP";2003;2;20;25;21000;576;0;1470
"BRA-ESP";2003;2;25;20;1000;490;0;222
"BRA-ESP";2003;3;0;25;9000;578;0;970
"BRA-ESP";2003;3;0;30;5000;0;0;0
"BRA-ESP";2003;3;0;35;1990;0;0;0
"BRA-ESP";2003;3;5;30;3000;0;0;0
"BRA-ESP";2003;3;10;25;6000;553;0;421
"BRA-ESP";2003;3;10;30;4000;0;0;0
"BRA-ESP";2003;4;0;20;1900;512;0;1050
"BRA-ESP";2003;4;0;25;14250;5797;0;5504
"BRA-ESP";2003;4;10;30;1880;0;0;0
"BRA-ESP";2003;5;0;25;29770;6779;0;4505
"BRA-ESP";2003;5;0;30;8800;190;0;27
"BRA-ESP";2003;5;10;30;2824;0;0;0
"BRA-ESP";2003;5;15;30;2940;0;0;0
"BRA-ESP";2003;6;15;5;1000;0;0;0
"BRA-ESP";2003;6;15;25;28940;504;0;64
"BRA-ESP";2003;7;0;25;1800;172;0;382
"BRA-ESP";2003;7;0;35;5360;0;0;0
"BRA-ESP";2003;7;15;25;14000;760;0;245
"BRA-ESP";2003;7;15;30;1000;0;0;0
"BRA-ESP";2003;8;0;25;29763;9208;0;2430
"BRA-ESP";2003;8;0;30;23751;11283;0;871
"BRA-ESP";2003;8;0;35;1120;0;0;0
"BRA-ESP";2003;8;5;25;21840;577;0;954
"BRA-ESP";2003;8;5;30;2000;0;0;0
"BRA-ESP";2003;8;10;30;6000;0;0;0
"BRA-ESP";2003;9;0;25;24920;7535;0;6624
"BRA-ESP";2003;9;0;30;9320;10400;0;0
"BRA-ESP";2003;9;5;25;11175;0;0;0
"BRA-ESP";2003;9;5;30;16000;200;0;0
"BRA-ESP";2003;9;10;25;5770;3166;0;125
"BRA-ESP";2003;9;10;30;43310;4236;0;1176
"BRA-ESP";2003;10;0;0;2052;210;20;165
"BRA-ESP";2003;10;0;20;6400;553;0;1070
"BRA-ESP";2003;10;0;25;16406;2510;220;1406
"BRA-ESP";2003;10;0;30;7714;630;220;980
"BRA-ESP";2003;10;5;15;6060;0;0;0
"BRA-ESP";2003;10;5;20;10040;0;0;0
"BRA-ESP";2003;10;5;25;15230;1629;0;1634
"BRA-ESP";2003;10;10;20;5940;0;0;0
"BRA-ESP";2003;10;10;25;13045;1320;0;446
"BRA-ESP";2003;10;10;30;12650;3952;0;3315
"BRA-ESP";2003;10;25;20;1193;0;0;0
"BRA-ESP";2003;10;25;25;20280;0;0;0
"BRA-ESP";2003;11;0;20;900;117;0;34
"BRA-ESP";2003;11;0;25;24472;1760;700;2350
"BRA-ESP";2003;11;0;30;3306;895;480;800
"BRA-ESP";2003;11;5;15;17170;0;0;0
"BRA-ESP";2003;11;5;20;23380;2789;0;6129
"BRA-ESP";2003;11;5;25;7346;445;180;810
"BRA-ESP";2003;11;5;30;3306;240;320;540
"BRA-ESP";2003;11;10;25;7158;0;0;0
"BRA-ESP";2003;11;15;30;2386;0;0;0
"BRA-ESP";2003;11;20;25;5965;0;0;0
"BRA-ESP";2003;11;25;20;11930;0;0;0
"BRA-ESP";2003;11;25;25;2386;0;0;0
"BRA-ESP";2003;12;0;30;16058;4915;840;4265
"BRA-ESP";2003;12;0;35;1073;700;80;345
"BRA-ESP";2003;12;5;30;1070;120;60;330
"BRA-ESP";2003;12;15;25;20609;1100;1000;0
"BRA-ESP";2003;12;15;30;2386;0;0;0
"BRA-ESP";2003;12;20;20;26510;11319;10292;2571
"BRA-ESP";2003;12;20;25;18949;3760;4280;2730
"BRA-ESP";2003;12;20;40;1100;1500;800;0
"BRA-ESP";2003;11;0;25;7000;288;0;768
"BRA-ESP";2003;11;0;30;5000;288;0;736
"BRA";2004;2;0;25;2300;130;45;0
"BRA";2004;2;0;30;1100;0;50;0
"BRA";2004;3;0;30;1200;0;100;0
"BRA";2004;1;25;40;1000;9;0;0
"BRA";2004;1;25;45;4600;0;0;0
"BRA";2004;1;30;25;2200;0;0;0
"BRA";2004;1;30;30;17950;28;0;0
"BRA";2004;1;30;35;11800;47;0;0
"BRA";2004;1;30;45;3450;32;0;0
"BRA";2004;2;25;30;2000;0;26;0
"BRA";2004;2;25;35;14900;0;101;0
"BRA";2004;2;25;45;4600;0;32;26
"BRA";2004;2;30;30;8600;142;0;0
"BRA";2004;2;30;35;16300;0;32;0
"BRA";2004;3;20;20;800;0;0;0
"BRA";2004;3;20;25;2420;0;0;39
"BRA";2004;3;25;30;1600;52;0;0
"BRA";2004;3;25;35;1600;0;0;52
"BRA";2004;3;25;45;5000;0;155;0
"BRA";2004;3;30;45;7000;99;207;0
"BRA";2004;4;20;20;1100;0;0;0
"BRA";2004;4;20;25;32590;230;39;0
"BRA";2004;4;25;40;1000;0;0;6
"BRA";2004;4;30;40;19000;110;806;186
"BRA";2004;4;30;45;17090;126;520;18419
"BRA";2004;5;20;30;1100;741;2600;0
"BRA";2004;5;25;45;2760;0;50;8
"BRA";2004;5;30;35;1500;0;0;0
"BRA";2004;5;30;45;20200;260;1299;318
"BRA";2004;5;30;50;2080;52;63;8
"BRA";2004;6;25;40;2000;105;0;38
"BRA";2004;6;25;45;20430;1145;867;309
"BRA";2004;6;30;45;30700;2704;2465;472
"BRA";2004;6;30;50;8600;8290;978;187
"BRA";2004;7;25;45;21640;120;466;183
"BRA";2004;7;30;45;30450;216;703;220
"BRA";2004;7;30;50;9850;5592;1495;479
"BRA";2004;8;25;45;15000;156;120;105
"BRA";2004;8;30;45;2700;55;0;0
"BRA";2004;8;30;50;6300;12857;3464;978
"BRA";2004;9;25;40;7500;167;65;46
"BRA";2004;9;25;45;40200;788;679;413
"BRA";2004;9;30;40;1000;52;0;0
"BRA";2004;9;30;45;43000;1264;501;630
"BRA";2004;9;30;50;1900;2189;31;93
"BRA";2004;10;25;40;2800;13;0;16
"BRA";2004;10;25;45;3800;17;122;22
"BRA";2004;10;30;40;3600;17;0;22
"BRA";2004;10;30;45;29750;384;445;22
"BRA";2004;11;20;40;1000;0;0;0
"BRA";2004;11;25;35;2000;0;0;0
"BRA";2004;11;25;45;2350;0;0;0
"BRA";2004;11;30;25;4000;0;0;88
"BRA";2004;11;30;30;8000;181;0;0
"BRA";2004;11;30;45;23300;1803;186;65
"BRA";2004;11;30;50;1000;9672;0;0
"BRA";2004;12;30;25;2400;3;0;8
"BRA";2004;12;30;30;21870;13;36;32
"BRA";2004;12;30;35;8160;65;0;16
"BRA";2004;12;30;45;9000;270;26;33
"BRA";2004;12;35;30;1120;0;0;0
"BRA";2004;1;0;25;9600;0;0;0
"BRA";2004;1;0;30;86540;9259;1183;14373
"BRA";2004;1;0;35;11200;178;35;645
"BRA";2004;1;0;50;1200;0;0;0
"BRA";2004;2;0;30;27000;4712;2571;4925
"BRA";2004;2;0;35;2400;280;40;680
"BRA";2004;3;0;30;2400;160;0;420
"BRA";2004;3;0;35;47900;6469;136;8542
"BRA";2004;4;0;30;7300;1398;684;1080
"BRA";2004;4;0;35;22800;4644;172;4202
"BRA";2004;5;0;25;13900;1360;80;140
"BRA";2004;5;0;30;53000;6498;478;2184
"BRA";2004;5;0;35;8400;720;114;175
"BRA";2004;5;5;30;2600;45;0;70
"BRA";2004;6;0;20;2000;0;0;0
"BRA";2004;6;0;30;56610;10402;726;3677
"BRA";2004;6;0;35;4660;467;36;269
"BRA";2004;7;0;25;6400;210;28;400
"BRA";2004;7;0;30;78112;7412;1147;3766
"BRA";2004;7;0;35;17595;450;40;185
"BRA";2004;7;5;25;1200;0;15;20
"BRA";2004;8;0;25;13497;1434;286;7005
"BRA";2004;8;0;30;40357;5312;815;6085
"BRA";2004;8;0;35;6000;70;0;0
"BRA";2004;9;0;25;52356;5504;1578;19770
"BRA";2004;9;0;30;103538;8830;1506;18546
"BRA";2004;9;0;35;1330;0;25;40
"BRA";2004;9;5;30;2286;25;0;131
"BRA";2004;10;0;25;109195;12164;3907;31936
"BRA";2004;10;0;30;69576;4791;946;10481
"BRA";2004;10;0;35;2550;300;20;400
"BRA";2004;10;5;30;7060;200;0;430
"BRA";2004;11;0;25;3600;365;120;0
"BRA";2004;11;0;30;40755;1366;745;6146
"BRA";2004;11;0;35;166310;28177;5120;20493
"BRA";2004;11;5;25;1206;474;0;150
"BRA";2004;11;10;30;8393;1488;0;2109
"BRA";2004;11;10;35;16265;639;0;2805
"BRA";2004;12;0;25;11200;595;195;3300
"BRA";2004;12;0;30;149499;22637;2407;19291
"BRA";2004;12;0;35;69801;4187;637;12028
"BRA";2004;12;5;25;2354;354;0;158
"BRA";2004;12;5;30;11643;568;225;345
"BRA";2004;7;30;45;7260;710;245;125
"BRA";2004;7;30;50;3640;585;360;0
"BRA";2004;1;25;30;7200;40;0;0
"BRA";2004;1;25;35;3400;0;0;0
"BRA";2004;1;30;25;4400;0;0;0
"BRA";2004;1;30;30;4400;0;0;0
"BRA";2004;1;30;35;4600;0;0;0
"BRA";2004;2;25;35;5500;0;38;0
"BRA";2004;2;25;40;1100;0;0;0
"BRA";2004;2;30;30;19800;60;20;0
"BRA";2004;2;30;35;4800;0;0;0
"BRA";2004;3;25;30;4670;0;0;0
"BRA";2004;3;25;35;6600;70;0;0
"BRA";2004;3;25;40;3400;0;40;0
"BRA";2004;3;25;45;1200;0;0;0
"BRA";2004;4;20;30;1100;0;0;0
"BRA";2004;4;20;35;4400;0;18;0
"BRA";2004;4;25;30;1050;0;0;0
"BRA";2004;4;25;35;4600;0;20;0
"BRA";2004;4;25;40;6900;0;100;0
"BRA";2004;4;25;45;8050;0;60;0
"BRA";2004;4;30;30;3200;0;0;0
"BRA";2004;4;30;35;9300;0;0;0
"BRA";2004;4;30;45;2100;0;0;0
"BRA";2004;5;25;40;8850;20;258;190
"BRA";2004;5;25;45;32000;700;260;110
"BRA";2004;5;30;25;1050;0;15;0
"BRA";2004;5;30;35;1050;20;40;0
"BRA";2004;5;30;40;8400;10;520;0
"BRA";2004;6;25;35;1050;20;40;0
"BRA";2004;6;25;40;14900;0;623;110
"BRA";2004;6;25;45;31300;120;1060;80
"BRA";2004;7;25;40;6450;60;365;0
"BRA";2004;7;25;45;39300;105;995;30
"BRA";2004;8;20;40;1100;0;0;0
"BRA";2004;8;25;40;6600;0;18;0
"BRA";2004;8;25;45;44200;85;400;30
"BRA";2004;9;25;35;3150;0;45;100
"BRA";2004;9;25;40;18200;168;90;130
"BRA";2004;9;25;45;26300;65;79;0
"BRA";2004;10;25;40;11600;55;0;0
"BRA";2004;10;25;45;18900;180;15;0
"BRA";2004;10;30;35;11550;205;0;0
"BRA";2004;11;25;30;3300;40;0;0
"BRA";2004;11;25;35;5500;0;0;0
"BRA";2004;11;25;40;4350;130;40;0
"BRA";2004;11;30;30;2200;0;0;0
"BRA";2004;11;30;35;15950;290;15;0
"BRA";2004;12;25;30;2100;30;0;0
"BRA";2004;12;25;35;11200;35;15;0
"BRA";2004;12;25;40;4850;45;20;0
"BRA";2004;12;30;30;15900;0;0;0
"BRA";2004;12;30;35;7800;0;0;0
"BRA-ESP";2004;1;0;30;935;200;0;300
"BRA-ESP";2004;1;15;35;900;190;0;620
"BRA-ESP";2004;2;15;25;30100;3995;320;12530
"BRA-ESP";2004;2;15;30;1800;535;0;850
"BRA-ESP";2004;2;20;25;5400;1945;0;3520
"BRA-ESP";2004;2;25;25;1800;200;0;860
"BRA-ESP";2004;3;0;25;5134;1400;0;1100
"BRA-ESP";2004;3;0;30;20716;5376;0;2743
"BRA-ESP";2004;3;0;35;18065;4411;0;363
"BRA-ESP";2004;4;0;30;2000;980;30;160
"BRA-ESP";2004;4;0;35;1000;420;0;0
"BRA-ESP";2004;5;0;35;32600;8125;140;0
"BRA-ESP";2004;5;0;40;20680;3615;110;0
"BRA-ESP";2004;2;0;30;18360;3780;100;3650
"BRA-ESP";2004;4;0;30;864;50;380;305
"BRA-ESP";2004;7;0;25;2000;0;100;0
"BRA-ESP";2004;7;0;30;3200;0;0;280
"BRA-ESP";2004;8;0;25;23434;1370;170;9505
"BRA-ESP";2004;8;0;30;26559;639;135;8705
"BRA-ESP";2004;9;0;25;21569;565;130;5750
"BRA-ESP";2004;9;0;30;21509;900;230;6785
"BRA-ESP";2004;9;5;20;1992;165;125;20
"BRA-ESP";2004;9;5;25;15965;308;3203;105
"BRA-ESP";2004;10;0;25;5410;85;60;1045
"BRA-ESP";2004;10;0;30;32486;1990;1060;9570
"BRA-ESP";2004;10;5;25;30574;1174;1629;4789
"BRA-ESP";2004;10;5;30;4035;230;157;491
"BRA-ESP";2004;10;10;30;20540;426;7156;5658
"BRA-ESP";2004;11;0;30;10734;760;250;1630
"BRA-ESP";2004;11;0;35;39915;685;590;10597
"BRA-ESP";2004;11;5;25;2850;40;1335;540
"BRA-ESP";2004;11;5;30;12870;610;1369;4090
"BRA-ESP";2004;11;10;25;2140;61;330;134
"BRA-ESP";2004;11;10;30;32445;3053;8251;13262
"BRA-ESP";2004;11;10;35;5170;364;427;42
"BRA-ESP";2004;12;0;30;3290;130;130;217
"BRA-ESP";2004;12;0;35;43416;2500;150;18390
"BRA-ESP";2004;12;5;30;3210;138;320;422
"BRA-ESP";2004;12;10;30;3210;238;750;406
"BRA-ESP";2004;12;20;25;13200;0;0;0
"BRA-ESP";1998;1;10;30;1000;200;200;0
"BRA-ESP";1998;1;15;25;11430;200;900;0
"BRA-ESP";1998;1;20;25;19380;400;0;400
"BRA-ESP";1998;1;25;25;1020;0;0;0
"BRA-ESP";1998;2;0;35;1000;200;0;0
"BRA-ESP";1998;2;15;25;18900;1300;2200;200
"BRA-ESP";1998;2;20;20;15800;2000;1800;0
"BRA-ESP";1998;2;20;25;2040;0;0;0
"BRA-ESP";1998;2;20;30;1100;100;200;0
"BRA-ESP";1998;3;0;30;8300;14200;100;0
"BRA-ESP";1998;3;0;35;10200;12300;100;0
"BRA-ESP";1998;3;15;25;1000;200;200;0
"BRA-ESP";1998;3;15;30;1100;600;200;0
"BRA-ESP";1998;3;15;35;1100;100;100;0
"BRA-ESP";1998;3;20;25;6000;200;100;0
"BRA-ESP";1998;3;20;30;4400;700;500;0
"BRA-ESP";1998;4;0;30;16900;26800;2800;11400
"BRA-ESP";1998;4;0;35;1900;4700;700;4000
"BRA-ESP";1998;5;0;25;10700;11500;800;0
"BRA-ESP";1998;5;0;30;4350;2100;0;0
"BRA-ESP";1998;5;0;35;1950;0;0;0
"BRA-ESP";1998;5;15;25;6000;0;0;0
"BRA-ESP";1998;5;20;25;2000;0;0;0
"BRA-ESP";1998;6;10;30;41700;300;0;7500
"BRA-ESP";1998;6;15;25;30500;1800;700;200
"BRA-ESP";1998;6;15;30;34700;1000;600;0
"BRA-ESP";1998;7;10;25;3800;300;0;0
"BRA-ESP";1998;7;10;30;1900;0;0;0
"BRA-ESP";1998;7;15;25;36200;1900;900;700
"BRA-ESP";1998;7;15;30;117600;2400;400;0
"BRA-ESP";1998;7;20;30;28900;2900;1900;0
"BRA-ESP";1998;7;20;35;1900;0;0;0
"BRA-ESP";1998;7;25;35;5700;0;100;0
"BRA-ESP";1998;8;0;30;1100;0;0;200
"BRA-ESP";1998;8;5;30;6100;500;100;600
"BRA-ESP";1998;8;10;30;4500;100;200;400
"BRA-ESP";1998;8;15;30;12400;100;100;0
"BRA-ESP";1998;8;15;35;1100;0;0;0
"BRA-ESP";1998;8;25;35;22800;0;600;0
"BRA-ESP";1998;8;25;40;37960;0;500;0
"BRA-ESP";1998;9;25;40;79045;0;700;0
"BRA-ESP";1998;10;0;0;950;100;200;0
"BRA-ESP";1998;10;5;30;1100;0;0;0
"BRA-ESP";1998;10;15;35;900;0;0;0
"BRA-ESP";1998;10;20;25;1950;400;800;0
"BRA-ESP";1998;10;20;30;1000;0;0;0
"BRA-ESP";1998;10;20;35;2300;400;100;100
"BRA-ESP";1998;10;20;45;1000;400;100;0
"BRA-ESP";1998;10;25;30;6820;1800;300;0
"BRA-ESP";1998;10;25;35;3820;1900;600;0
"BRA-ESP";1998;10;25;40;22250;1900;400;0
"BRA-ESP";1998;10;25;45;1000;200;0;0
"BRA-ESP";1998;10;30;35;1920;200;200;0
"BRA-ESP";1998;11;0;0;4500;2800;0;0
"BRA-ESP";1998;11;0;25;2000;3200;0;0
"BRA-ESP";1998;11;0;30;11300;2600;0;1900
"BRA-ESP";1998;11;0;35;5100;2200;0;0
"BRA-ESP";1998;11;5;30;4400;200;100;900
"BRA-ESP";1998;11;10;15;2850;100;400;200
"BRA-ESP";1998;11;15;10;2700;200;400;100
"BRA-ESP";1998;11;15;15;1800;200;100;100
"BRA-ESP";1998;11;15;25;3600;300;200;0
"BRA-ESP";1998;11;20;20;900;200;100;0
"BRA-ESP";1998;11;20;25;6500;400;500;100
"BRA-ESP";1998;11;20;30;900;200;300;0
"BRA-ESP";1998;11;25;25;1000;0;0;0
"BRA-ESP";1998;11;25;30;7000;0;0;0
"BRA-ESP";1998;11;25;40;8000;0;0;0
"BRA-ESP";1998;12;0;0;9000;0;0;0
"BRA-ESP";1998;12;0;30;800;1000;0;0
"BRA-ESP";1998;12;0;35;22300;9000;0;0
"BRA-ESP";1998;12;10;25;2200;200;1200;400
"BRA-ESP";1998;12;15;25;24200;2000;4400;900
"BRA-ESP";1998;12;20;20;14300;800;2000;0
"BRA-ESP";1998;12;20;25;8000;300;1900;0
"BRA-ESP";1998;12;20;30;1800;200;500;0
"BRA-ESP";1999;1;15;25;35900;3847,65;31010;904
"BRA-ESP";1999;1;20;15;13300;0;90;0
"BRA-ESP";1999;1;20;20;43700;0;425;0
"BRA-ESP";1999;1;20;25;46250;3271,35;8305;0
"BRA-ESP";1999;2;0;30;11800;12870,7;40;16786,15
"BRA-ESP";1999;2;0;35;3500;3423,9;550;2825
"BRA-ESP";1999;2;15;25;34500;2005,75;4195;2000,1
"BRA-ESP";1999;2;20;20;19000;0;100;0
"BRA-ESP";1999;2;20;25;28700;2017,05;5055;0
"BRA-ESP";1999;3;0;25;13300;0;1845;0
"BRA-ESP";1999;3;0;30;10800;0;45;203,4
"BRA-ESP";1999;3;0;35;18700;7977,8;100;12565,6
"BRA-ESP";1999;3;15;25;1200;316,4;570;0
"BRA-ESP";1999;3;15;30;3430;0;35;0
"BRA-ESP";1999;3;20;25;9500;0;0;0
"BRA-ESP";1999;3;20;30;1900;0;0;0
"BRA-ESP";1999;4;0;30;13400;1949,25;40;3565,15
"BRA-ESP";1999;4;0;35;19100;0;25;0
"BRA-ESP";1999;5;0;20;5500;627,15;20;56,5
"BRA-ESP";1999;5;0;30;11000;6113,3;0;5819,5
"BRA-ESP";1999;5;5;20;3300;203,4;120;180,8
"BRA-ESP";1999;5;10;25;8640;3079,25;55;0
"BRA-ESP";1999;5;10;30;14040;10881,9;180;0
"BRA-ESP";1999;6;0;20;8800;45,2;30;56,5
"BRA-ESP";1999;6;0;35;3800;0;0;0
"BRA-ESP";1999;6;5;20;13200;627,15;316;508,5
"BRA-ESP";1999;6;10;30;600;0;0;45,2
"BRA-ESP";1999;6;15;25;30000;700,6;345;1943,6
"BRA-ESP";1999;6;15;30;1100;0;0;101,7
"BRA-ESP";1999;6;25;25;3240;307,36;225;0
"BRA-ESP";1999;6;25;30;28080;1517,59;1385;0
"BRA-ESP";1999;7;10;25;6000;322,05;270;0
"BRA-ESP";1999;7;10;30;2400;926,6;315;0
"BRA-ESP";1999;7;15;25;32900;576,3;385;1116,44
"BRA-ESP";1999;7;15;30;41520;926,6;1060;1214,75
"BRA-ESP";1999;7;20;30;2280;214,7;60;0
"BRA-ESP";1999;7;25;30;1080;241,82;60;0
"BRA-ESP";1999;8;5;30;7000;2197,85;1890;5650
"BRA-ESP";1999;8;10;30;24900;9175,6;2394;1084,8
"BRA-ESP";1999;8;15;30;10100;372,9;220;322,05
"BRA-ESP";1999;8;15;35;1300;135,6;72;0
"BRA-ESP";1999;8;20;35;6610;553,7;350;0
"BRA-ESP";1999;8;25;35;2400;33,9;45;0
"BRA-ESP";1999;8;25;40;24600;2875,85;920;1740,2
"BRA-ESP";1999;8;25;45;4800;299,45;135;0
"BRA-ESP";1999;9;0;30;5400;0;645;0
"BRA-ESP";1999;9;0;35;3520;0;70;0
"BRA-ESP";1999;9;5;30;4144;1017;160;0
"BRA-ESP";1999;9;15;30;3300;485,9;0;0
"BRA-ESP";1999;9;20;35;2460;0;50;0
"BRA-ESP";1999;9;20;40;6500;587,6;180;0
"BRA-ESP";1999;9;25;35;20900;4909,85;0;0
"BRA-ESP";1999;9;25;40;58500;13729,5;2770;45,2
"BRA-ESP";1999;9;25;45;900;0;220;0
"BRA-ESP";1999;9;30;45;11000;1587,65;1585;2220,45
"BRA-ESP";1999;9;30;50;4000;350,3;240;785,35
"BRA-ESP";1999;10;0;25;3300;2011,4;0;0
"BRA-ESP";1999;10;0;30;4100;3344,8;0;0
"BRA-ESP";1999;10;0;35;2010;1751,5;0;0
"BRA-ESP";1999;10;5;30;13950;11616,4;0;0
"BRA-ESP";1999;10;10;25;1100;678;0;0
"BRA-ESP";1999;10;10;30;840;0;117;0
"BRA-ESP";1999;10;15;30;9310;2830,65;20;0
"BRA-ESP";1999;10;15;35;17380;1389,9;0;0
"BRA-ESP";1999;10;20;30;5500;192,1;0;0
"BRA-ESP";1999;10;20;35;4760;0;65;0
"BRA-ESP";1999;10;20;40;3910;644,1;115;0
"BRA-ESP";1999;10;25;35;1840;28,25;25;0
"BRA-ESP";1999;10;25;40;45180;6669,26;2485;1401,2
"BRA-ESP";1999;10;25;45;7550;870,1;160;67,8
"BRA-ESP";1999;10;30;45;11800;1299,5;375;802,3
"BRA-ESP";1999;11;0;25;1120;1130;0;0
"BRA-ESP";1999;11;0;30;4520;6480,55;0;0
"BRA-ESP";1999;11;0;35;6000;8743,94;0;0
"BRA-ESP";1999;11;5;25;3300;1808;0;0
"BRA-ESP";1999;11;5;30;25703;18813,37;2270;5311
"BRA-ESP";1999;11;10;25;1100;565;0;0
"BRA-ESP";1999;11;10;30;23728;20234,91;1415;1237,35
"BRA-ESP";1999;11;10;35;45660;17857,39;6384;1604,6
"BRA-ESP";1999;11;15;25;1100;1062,2;0;0
"BRA-ESP";1999;11;15;30;1100;700,6;0;0
"BRA-ESP";1999;11;15;35;34200;18885,69;0;0
"BRA-ESP";1999;11;20;25;2000;892,7;50;0
"BRA-ESP";1999;11;25;35;1000;175,15;0;0
"BRA-ESP";1999;11;25;40;5000;644,1;70;45,2
"BRA-ESP";1999;12;5;30;4230;1695;450;1356
"BRA-ESP";1999;12;10;30;37554;17565,85;2238;0
"BRA-ESP";1999;12;10;35;4400;0;0;0
"BRA-ESP";1999;12;15;25;23100;29634,25;0;0
"BRA-ESP";1999;12;15;30;8200;0;680;0
"BRA-ESP";1999;12;20;15;1100;0;0;0
"BRA-ESP";1999;12;20;25;49600;13383,72;7180;0
"BRA-ESP";1999;12;25;20;6970;6803,73;0;0
"BRA-ESP";2000;1;20;15;35100;870,1;49921,14;0
"BRA-ESP";2000;1;20;20;87267;4197,95;61995,19;0
"BRA-ESP";2000;1;20;25;27057;0;10040,05;0
"BRA-ESP";2000;1;20;30;14360;2853,25;3356,1;0
"BRA-ESP";2000;1;25;10;6600;0;4412,65;0
"BRA-ESP";2000;1;25;15;60776;0;53816,25;0
"BRA-ESP";2000;1;25;20;11500;0;3418,25;0
"BRA-ESP";2000;2;0;30;2400;971,8;0;0
"BRA-ESP";2000;2;5;30;3600;113;0;0
"BRA-ESP";2000;2;15;20;28330;0;17169,22;0
"BRA-ESP";2000;2;15;25;53922;158,2;25853,27;0
"BRA-ESP";2000;2;20;15;39220;0;47375,25;0
"BRA-ESP";2000;2;20;20;89625;1310,8;55719,17;0
"BRA-ESP";2000;2;20;25;112693;1836,25;52064,75;0
"BRA-ESP";2000;2;20;35;1000;0;440,7;0
"BRA-ESP";2000;2;30;30;8000;0;3277;0
"BRA-ESP";2000;3;0;20;17700;22492,65;0;0
"BRA-ESP";2000;3;0;30;16170;25814,85;904;0
"BRA-ESP";2000;3;5;20;9900;8052,38;0;0
"BRA-ESP";2000;3;5;30;1000;0;113;0
"BRA-ESP";2000;3;10;25,3;1055;0;67,8;0
"BRA-ESP";2000;3;10;30;16376;163,85;2745,9;0
"BRA-ESP";2000;3;15;25;29370;384,2;9151,87;0
"BRA-ESP";2000;3;15;30;17595;107,35;6503,15;0
"BRA-ESP";2000;3;20;15;990;0;1864,5;0
"BRA-ESP";2000;3;20;25;12935;0;3932,4;0
"BRA-ESP";2000;3;25;30;6000;0;1469;0
"BRA-ESP";2000;3;30;30;6000;0;2486;0
"BRA-ESP";2000;4;0;20;12500;13754,36;0;0
"BRA-ESP";2000;4;0;25;16510;29182,25;0;0
"BRA-ESP";2000;4;0;30;9835;7610,55;339;0
"BRA-ESP";2000;4;15;25;15400;0;9232,1;0
"BRA-ESP";2000;5;0;25;5060;2910,88;0;0
"BRA-ESP";2000;5;0;30;1960;1939,08;0;0
"BRA-ESP";2000;5;10;20;1200;0;45,2;0
"BRA-ESP";2000;5;10;30;7467;0;3491,7;0
"BRA-ESP";2000;5;15;25;97029;0;56048;0
"BRA-ESP";2000;5;15;30;101163;1480,3;46578,6;0
"BRA-ESP";2000;6;0;30;3240;0;0;1898,4
"BRA-ESP";2000;6;5;30;3240;0;0;1751,5
"BRA-ESP";2000;6;10;25;1200;0;254,25;0
"BRA-ESP";2000;6;10;30;83116;1954,9;34811,91;1655,45
"BRA-ESP";2000;6;15;25;161887;5220,6;41875,54;5763
"BRA-ESP";2000;6;15;30;113106;2384,3;30769,9;4644,3
"BRA-ESP";2000;6;15;35;1100;0;0;226
"BRA-ESP";2000;6;20;25;6200;293,8;706,25;62,15
"BRA-ESP";2000;6;20;30;2200;0;0;791
"BRA-ESP";2000;6;20;35,4;1100;0;0;226
"BRA-ESP";2000;7;5;30;8260;910,78;1096,1;548,05
"BRA-ESP";2000;7;10;25;1100;90,4;0;0
"BRA-ESP";2000;7;10;30;34350;1078,02;19523,01;418,1
"BRA-ESP";2000;7;10;35;30055;3412,6;5016,07;192,1
"BRA-ESP";2000;7;10;40;1100;0;45,2;452
"BRA-ESP";2000;7;15;25;46180;1513,07;9481,83;282,5
"BRA-ESP";2000;7;15;30;128920;4298,52;44378,49;5034,15
"BRA-ESP";2000;7;15;35;53677;2021,57;9583,53;186,45
"BRA-ESP";2000;7;20;25;5400;226;0;0
"BRA-ESP";2000;7;20;30;3080;0;1351,48;0
"BRA-ESP";2000;7;20;35,4;2300;0;50,85;452
"BRA-ESP";2000;7;20;40;1200;0;90,4;0
"BRA-ESP";2000;7;25;30,3;1100;0;0;655,4
"BRA-ESP";2000;7;25;35;16900;0;1237,35;8045,6
"BRA-ESP";2000;7;25;40;40900;0;20944,55;1808
"BRA-ESP";2000;7;25;45;2300;0;180,8;565
"BRA-ESP";2000;8;0;30;11496;1700,65;1841,9;519,8
"BRA-ESP";2000;8;0;35;14581;5297,44;706,25;0
"BRA-ESP";2000;8;5;30;7548;372,9;3051;0
"BRA-ESP";2000;8;10;30;31148;6190,14;3751,6;0
"BRA-ESP";2000;8;10;35;72479;21488,08;26491,72;214,7
"BRA-ESP";2000;8;15;20;2280;0;641,84;0
"BRA-ESP";2000;8;15;25;810;0;632,8;0
"BRA-ESP";2000;8;15;30;1980;0;1615,9;0
"BRA-ESP";2000;8;15;35;14260;0;1423,8;0
"BRA-ESP";2000;8;20;25;1200;0;113;0
"BRA-ESP";2000;8;20;35,4;11000;0;11735,05;0
"BRA-ESP";2000;8;25;30;1200;0;67,8;0
"BRA-ESP";2000;8;25;35;28590;0;17413,3;67,8
"BRA-ESP";2000;8;25;40;34400;0;5311;11083,04
"BRA-ESP";2000;8;25;45;18100;0;7294,15;711,9
"BRA-ESP";2000;8;30;40;1100;0;316,4;452
"BRA-ESP";2000;8;30;45,2;5400;0;2045,3;1469
"BRA-ESP";2000;8;35;50;1800;0;1017;0
"BRA-ESP";2000;9;0;25;1080;0;881,4;0
"BRA-ESP";2000;9;0;30;12270;4165,18;0;525,45
"BRA-ESP";2000;9;5;30;9810;2666,8;1740,2;0
"BRA-ESP";2000;9;10;30;7100;0;3779,85;0
"BRA-ESP";2000;9;10;35;30050;0;15102,45;508,5
"BRA-ESP";2000;9;15;35;5800;0;762,75;146,9
"BRA-ESP";2000;9;25;40;20900;0;209,05;15424,5
"BRA-ESP";2000;9;25;45;16100;0;17006,5;1130
"BRA-ESP";2000;9;30;45,2;11900;0;8842,25;0
"BRA-ESP";2000;10;0;30;3600;813,6;0;0
"BRA-ESP";2000;10;10;30;1000;0;226;0
"BRA-ESP";2000;10;10;35;28100;8994,8;96,05;3333,5
"BRA-ESP";2000;10;15;30;2160;0;1130;0
"BRA-ESP";2000;10;20;20;1080;0;678;0
"BRA-ESP";2000;10;20;30;1080;0;779,7;0
"BRA-ESP";2000;10;20;35;1080;0;932,25;0
"BRA-ESP";2000;10;25;25;21603;0;12017,55;0
"BRA-ESP";2000;10;25;30;8610;0;8331,49;0
"BRA-ESP";2000;10;25;35;15490;0;18508,27;0
"BRA-ESP";2000;10;25;40;2830;0;1985,41;0
"BRA-ESP";2000;10;25;45;2000;0;113;0
"BRA-ESP";2000;11;0;30;2090;1186,5;16,95;915,3
"BRA-ESP";2000;11;5;25;23900;1690,48;7052,33;4649,95
"BRA-ESP";2000;11;5;30;31160;11141,8;16113,8;10785,85
"BRA-ESP";2000;11;5;30;5025;4677,07;203,4;0
"BRA-ESP";2000;11;10;10;1080;0;824,9;0
"BRA-ESP";2000;11;10;20;950;0;937,9;0
"BRA-ESP";2000;11;10;25;8460;192,1;8559,75;0
"BRA-ESP";2000;11;10;30;9882;0;3729;0
"BRA-ESP";2000;11;10;35;10000;6429,7;0;0
"BRA-ESP";2000;11;15;15;2160;0;1604,6;0
"BRA-ESP";2000;11;15;30;800;0;565;0
"BRA-ESP";2000;11;20;20;1080;0;678;0
"BRA-ESP";2000;11;20;30;1750;0;984,23;0
"BRA-ESP";2000;11;25;30;8830;0;11304,52;0
"BRA-ESP";2000;11;25;35;5410;0;4235,24;0
"BRA-ESP";2000;11;25;40;17660;0;26987,79;0
"BRA-ESP";2000;12;5;20;1600;0;1582;0
"BRA-ESP";2000;12;5;25;16870;17294,65;265,55;14277,55
"BRA-ESP";2000;12;5;30;1050;0;113;2712
"BRA-ESP";2000;12;10;20;17800;0;10311,25;11915,85
"BRA-ESP";2000;12;10;25;43749;305,1;51270,36;9994,85
"BRA-ESP";2000;12;15;20;1080;0;1457,7;0
"BRA-ESP";2000;12;15;25;26910;870,1;35758,85;10893,2
"BRA-ESP";2000;12;20;15;2180;0;514,15;0
"BRA-ESP";2000;12;20;20;28245;0;18582,85;10626,52
"BRA-ESP";2000;12;20;25;92840;2971,9;27498,55;9989,2
"BRA-ESP";2000;12;25;15;8720;0;2728,95;0
"BRA-ESP";2000;12;25;20;27330;0;20679;18798,68
"BRA-ESP";2001;1;10;20;4800;0;254,25;6644,4
"BRA-ESP";2001;1;15;20;34430;27120;13624,41;0
"BRA-ESP";2001;1;15;25;126808;2243,05;50947,18;3723,35
"BRA-ESP";2001;1;15;30;2190;0;723,2;0
"BRA-ESP";2001;1;20;20;127050;2599;67080,19;0
"BRA-ESP";2001;1;20;25;137270;13424,4;38009,81;2084,85
"BRA-ESP";2001;1;25;20;900;0;1356;0
"BRA-ESP";2001;2;0;25;8800;5011,55;0;0
"BRA-ESP";2001;2;0;30;2000;805,69;0;689,3
"BRA-ESP";2001;2;10;25;1100;339;0;0
"BRA-ESP";2001;2;10;30;2200;497,2;0;0
"BRA-ESP";2001;2;15;20;17100;3536,9;6780;0
"BRA-ESP";2001;2;15;25;95506;1214,75;42112,84;8152,95
"BRA-ESP";2001;2;15;30;7720;0;2835,17;0
"BRA-ESP";2001;2;20;20;20700;2152,65;5897,47;0
"BRA-ESP";2001;2;20;25;61400;943,55;17737,61;807,95
"BRA-ESP";2001;2;25;25;50790;0;14561,18;0
"BRA-ESP";2001;3;0;25;3300;1059,94;0;1370,69
"BRA-ESP";2001;3;0;30;4290;1517,59;0;1523,24
"BRA-ESP";2001;3;0;35;2200;829,42;0;1015,87
"BRA-ESP";2001;3;10;25;2160;0;2293,9;0
"BRA-ESP";2001;3;10;30;2000;0;271,2;0
"BRA-ESP";2001;3;15;25;56795;0;31408,35;0
"BRA-ESP";2001;3;15;30;11940;0;6938,2;0
"BRA-ESP";2001;3;20;20;1100;0;0;0
"BRA-ESP";2001;3;20;25;5300;0;1728,9;0
"BRA-ESP";2001;3;20;30;4400;0;0;0
"BRA-ESP";2001;3;25;25;32000;0;11688,72;0
"BRA-ESP";2001;3;25;30;24000;0;5147,15;0
"BRA-ESP";2001;3;25;35;4000;0;971,8;0
"BRA-ESP";2001;3;30;30;6000;0;1243;0
"BRA-ESP";2001;3;30;35;6000;0;1536,8;0
"BRA-ESP";2001;4;0;25;4000;0;0;0
"BRA-ESP";2001;4;5;25;2560;0;0;0
"BRA-ESP";2001;4;5;30;2240;508,5;0;0
"BRA-ESP";2001;4;10;25;7195;0;0;0
"BRA-ESP";2001;4;10;30;9520;2013,66;339;344,65
"BRA-ESP";2001;4;15;25;60619;7098,66;7062,5;3825,05
"BRA-ESP";2001;4;15;30;64945;9963,21;12701,2;3084,9
"BRA-ESP";2001;4;20;15;1000;0;0;0
"BRA-ESP";2001;4;20;25;3100;683,65;113;435,05
"BRA-ESP";2001;4;20;35;6000;0;0;0
"BRA-ESP";2001;4;25;30;22000;0;8169,9;0
"BRA-ESP";2001;4;25;35;10000;0;0;0
"BRA-ESP";2001;4;25;40;4000;0;0;0
"BRA-ESP";2001;4;30;30;2000;0;452;0
"BRA-ESP";2001;4;30;40;10000;0;0;0
"BRA-ESP";2001;5;5;30;7000;2015,92;0;2067,9
"BRA-ESP";2001;5;10;25;9125;514,15;276,85;62,15
"BRA-ESP";2001;5;10;30;44380;4158,4;0;915,3
"BRA-ESP";2001;5;15;15;2000;0;0;0
"BRA-ESP";2001;5;15;20;2200;322,05;197,75;387,59
"BRA-ESP";2001;5;15;25;127730;49652,2;5952,84;12897,82
"BRA-ESP";2001;5;15;30;62660;12234,51;2183,16;4842,05
"BRA-ESP";2001;5;15;45;4000;0;0;0
"BRA-ESP";2001;5;20;20;2200;1246,39;531,1;1270,12
"BRA-ESP";2001;5;20;25;27000;8699,87;4350,5;8105,49
"BRA-ESP";2001;5;25;10;1080;574,04;0;379,68
"BRA-ESP";2001;5;25;40;22000;0;0;0
"BRA-ESP";2001;5;30;40;24000;0;0;0
"BRA-ESP";2001;5;30;45;8000;0;0;0
"BRA-ESP";2001;6;0;25;27000;0;0;0
"BRA-ESP";2001;6;10;25;1115;0;0;0
"BRA-ESP";2001;6;10;30;27685;3678,15;875,75;791
"BRA-ESP";2001;6;10;35;1980;226;0;0
"BRA-ESP";2001;6;15;15;1000;45,2;45,2;0
"BRA-ESP";2001;6;15;25;259255;89680,19;6978,88;21820,3
"BRA-ESP";2001;6;15;30;5690;542,4;367,25;461,04
"BRA-ESP";2001;6;15;35;3000;485,9;378,55;169,5
"BRA-ESP";2001;6;20;20;5500;1769,58;2626,12;670,09
"BRA-ESP";2001;6;20;25;47450;16638,12;6104,26;8941,69
"BRA-ESP";2001;6;20;30;15990;1000,05;0;853,15
"BRA-ESP";2001;6;20;35;13860;3729;0;0
"BRA-ESP";2001;6;25;30;11500;915,3;0;0
"BRA-ESP";2001;6;25;35;15836;2208,02;0;0
"BRA-ESP";2001;6;25;40;40000;0;0;0
"BRA-ESP";2001;7;0;25;6000;0;0;0
"BRA-ESP";2001;7;0;30;800;0;0;0
"BRA-ESP";2001;7;5;25;2960;0;0;0
"BRA-ESP";2001;7;5;30;20140;0;0;0
"BRA-ESP";2001;7;10;20;3600;0;0;0
"BRA-ESP";2001;7;10;25;13745;2175,25;355,95;5343,77
"BRA-ESP";2001;7;10;30;21235;0;2389,95;2373
"BRA-ESP";2001;7;10;35;4990;333,35;0;0
"BRA-ESP";2001;7;15;15;1000;339;226;107,35
"BRA-ESP";2001;7;15;25;106810;23989,9;5198;15841,47
"BRA-ESP";2001;7;15;30;28640;1919,87;1587,65;6935,94
"BRA-ESP";2001;7;20;20;4400;1902,92;2219,32;0
"BRA-ESP";2001;7;20;25;32400;27364,08;2863,42;716,42
"BRA-ESP";2001;7;20;30;7600;885,92;254,25;0
"BRA-ESP";2001;7;25;35;11610;2632,9;0;0
"BRA-ESP";2001;7;25;40;15310;4220,55;0;0
"BRA-ESP";2001;8;0;25;4100;1000,05;0;428,27
"BRA-ESP";2001;8;0;30;2100;395,5;0;207,92
"BRA-ESP";2001;8;5;25;6650;0;0;0
"BRA-ESP";2001;8;5;30;13055;0;0;0
"BRA-ESP";2001;8;10;25;4600;581,95;84,75;466,69
"BRA-ESP";2001;8;10;30;15445;339;0;0
"BRA-ESP";2001;8;15;25;11760;0;0;0
"BRA-ESP";2001;8;15;30;4900;0;0;0
"BRA-ESP";2001;8;15;45;950;0;0;0
"BRA-ESP";2001;8;20;35;2000;0;0;0
"BRA-ESP";2001;8;25;35;8000;0;0;0
"BRA-ESP";2001;8;25;40;14000;0;0;0
"BRA-ESP";2001;9;0;25;3940;442,96;39,55;141,25
"BRA-ESP";2001;9;5;20;12000;5123,42;3978,73;2837,43
"BRA-ESP";2001;9;5;25;28155;1525,5;531,1;489,29
"BRA-ESP";2001;9;5;30;8550;113;0;0
"BRA-ESP";2001;9;10;25;5630;429,4;0;0
"BRA-ESP";2001;9;10;35;1000;791;0;565
"BRA-ESP";2001;9;15;25;27510;0;0;0
"BRA-ESP";2001;9;15;35;2000;0;0;0
"BRA-ESP";2001;9;15;45;2000;0;0;0
"BRA-ESP";2001;9;20;25;1050;0;0;0
"BRA-ESP";2001;9;25;25;8400;0;0;0
"BRA-ESP";2001;9;25;30;6300;0;0;0
"BRA-ESP";2001;9;25;35;5000;226;0;339
"BRA-ESP";2001;9;25;40;69250;3503;0;5650
"BRA-ESP";2001;9;30;45;1000;452;0;452
"BRA-ESP";2001;10;0;25;950;0;0;378,55
"BRA-ESP";2001;10;5;20;7200;0;1661,1;6740,45
"BRA-ESP";2001;10;5;25;47957;2256,61;4407;3291,69
"BRA-ESP";2001;10;5;30;6000;2337,97;265,55;1833,99
"BRA-ESP";2001;10;10;20;10555;0;254,25;1096,1
"BRA-ESP";2001;10;10;25;22006;0;0;0
"BRA-ESP";2001;10;10;30;6062;2005,75;2429,5;1891,62
"BRA-ESP";2001;10;10;35;3000;1062,2;762,75;836,2
"BRA-ESP";2001;10;15;25;5880;0;0;0
"BRA-ESP";2001;10;15;30;5086;0;0;0
"BRA-ESP";2001;10;15;35;6818;282,5;75,71;169,5
"BRA-ESP";2001;10;15;45;950;0;0;0
"BRA-ESP";2001;10;20;35;2100;0;0;0
"BRA-ESP";2001;10;20;40;1050;0;0;0
"BRA-ESP";2001;10;25;35;24000;0;0;0
"BRA-ESP";2001;10;25;40;59200;45,2;0;33,9
"BRA-ESP";2001;10;25;45;12150;1412,5;0;757,1
"BRA-ESP";2001;10;30;35;20000;0;0;0
"BRA-ESP";2001;10;30;40;6000;0;0;0
"BRA-ESP";2001;10;30;45;14000;8452,4;0;4022,8
"BRA-ESP";2001;10;30;50;1000;2260;0;1695
"BRA-ESP";2001;11;0;30;5000;2389,95;2271,3;1628,33
"BRA-ESP";2001;11;0;35;3000;948,07;1443,01;430,53
"BRA-ESP";2001;11;5;20;9565;0;0;0
"BRA-ESP";2001;11;5;25;139935;2632,9;1734,55;16989,55
"BRA-ESP";2001;11;5;30;12050;3256,66;3142,53;1111,92
"BRA-ESP";2001;11;5;35;2000;1158,25;553,7;401,15
"BRA-ESP";2001;11;10;20;4530;0;0;0
"BRA-ESP";2001;11;10;25;24125;16159;0;6486,2
"BRA-ESP";2001;11;10;30;20975;6896,39;4634,13;2378,65
"BRA-ESP";2001;11;10;35;10000;7128,04;1898,4;1469
"BRA-ESP";2001;11;15;25;2000;971,8;836,2;0
"BRA-ESP";2001;11;15;30;10000;5033,02;5152,8;0
"BRA-ESP";2001;11;15;35;5000;1397,81;1544,71;1309,67
"BRA-ESP";2001;11;20;25;4000;2524,42;1649,8;0
"BRA-ESP";2001;11;25;25;12000;0;0;0
"BRA-ESP";2001;11;25;30;20000;0;0;0
"BRA-ESP";2001;11;25;35;23000;226;0;0
"BRA-ESP";2001;11;25;40;10000;169,5;0;169,5
"BRA-ESP";2001;11;30;40;1000;113;0;0
"BRA-ESP";2001;11;30;45;11000;632,8;0;79,1
"BRA-ESP";2001;12;5;25;27044;0;0;0
"BRA-ESP";2001;12;5;30;5000;1177,46;1716,47;821,51
"BRA-ESP";2001;12;10;25;4515;678;0;0
"BRA-ESP";2001;12;15;15;21200;0;0;0
"BRA-ESP";2001;12;15;20;13545;0;0;0
"BRA-ESP";2001;12;15;25;39895;17119,5;0;1130
"BRA-ESP";2001;12;15;30;1280;0;0;0
"BRA-ESP";2001;12;20;15;12650;0;0;0
"BRA-ESP";2001;12;20;20;52707;21922;791;6305,4
"BRA-ESP";2001;12;20;25;124222;112909,6;10797,15;12174,62
"BRA-ESP";2001;12;20;30;1260;0;0;0
"BRA-ESP";2001;12;25;20;68000;0;0;0
"BRA-ESP";2001;12;25;25;24000;0;0;0
"BRA-ESP";2001;12;25;30;4000;0;0;0
"BRA-ESP";2002;1;15;15;1200;0;0;0
"BRA-ESP";2002;1;15;20;10550;0;0;0
"BRA-ESP";2002;1;15;25;7450;0;0;0
"BRA-ESP";2002;1;15;30;1260;0;0;0
"BRA-ESP";2002;1;20;20;7230;0;0;0
"BRA-ESP";2002;1;20;25;66762;12689,9;8337,14;8517,94
"BRA-ESP";2002;1;20;30;7450;2221,58;1452,05;1405,72
"BRA-ESP";2002;1;20;45;1050;310,75;84,75;293,8
"BRA-ESP";2002;2;15;20;3800;0;0;0
"BRA-ESP";2002;2;15;25;37890;0;0;0
"BRA-ESP";2002;2;20;25;13600;0;0;0
"BRA-ESP";2002;3;0;20;21545;0;0;0
"BRA-ESP";2002;3;0;25;9950;0;0;0
"BRA-ESP";2002;3;0;30;4458;67,8;0;0
"BRA-ESP";2002;3;5;25;1000;0;0;0
"BRA-ESP";2002;3;10;25;3770;0;0;0
"BRA-ESP";2002;3;15;25;12215;0;0;0
"BRA-ESP";2002;4;0;20;12000;0;0;0
"BRA-ESP";2002;4;0;25;7560;0;0;0
"BRA-ESP";2002;4;0;30;1900;0;0;0
"BRA-ESP";2002;4;0;35;15757;0;265,55;0
"BRA-ESP";2002;4;5;25;2000;0;0;0
"BRA-ESP";2002;4;10;30;9667;0;0;0
"BRA-ESP";2002;4;15;25;8817;0;0;0
"BRA-ESP";2002;4;15;30;8528;0;0;0
"BRA-ESP";2002;5;10;30;6850;0;0;0
"BRA-ESP";2002;5;15;25;42430;384,2;0;141,25
"BRA-ESP";2002;5;15;30;38640;2169,6;0;1116,44
"BRA-ESP";2002;6;10;25;4695;0;0;0
"BRA-ESP";2002;6;10;30;25790;440,7;0;263,29
"BRA-ESP";2002;6;15;25;15523;1997,84;90,4;2813,7
"BRA-ESP";2002;6;15;30;13967;2047,56;67,8;2904,1
"BRA-ESP";2002;6;15;35;3050;1663,36;0;1331,14
"BRA-ESP";2002;7;0;30;866;0;0;0
"BRA-ESP";2002;7;0;35;3716;0;0;0
"BRA-ESP";2002;7;15;35;7320;2949,3;237,3;1578,61
"BRA-ESP";2002;8;0;25;21400;0;0;0
"BRA-ESP";2002;8;0;35;2282;0;0;0
"BRA-ESP";2002;8;15;40;1100;954,85;90,4;0
"BRA-ESP";2002;8;20;45;1020;254,25;649,75;0
"BRA-ESP";2002;8;25;40;4600;2037,39;1609,12;88,14
"BRA-ESP";2002;8;25;45;2200;263,29;1372,95;0
"BRA-ESP";2002;9;0;25;21661;0;0;0
"BRA-ESP";2002;9;0;30;995;0;0;0
"BRA-ESP";2002;9;5;25;8655;0;0;0
"BRA-ESP";2002;9;5;30;14095;0;0;0
"BRA-ESP";2002;9;20;45;1020;841,85;259,9;0
"BRA-ESP";2002;9;25;40;3300;1940,21;333,35;0
"BRA-ESP";2002;9;25;45;13980;13130,6;2585,44;46,33
"BRA-ESP";2002;9;30;45;900;774,05;107,35;33,9
"BRA-ESP";2002;10;5;20;3840;226;0;0
"BRA-ESP";2002;10;5;25;31373;971,8;0;0
"BRA-ESP";2002;10;5;30;7450;0;0;0
"BRA-ESP";2002;10;10;30;19946;339;0;0
"BRA-ESP";2002;10;15;25;1040;452;0;0
"BRA-ESP";2002;10;20;30;1962;0;0;0
"BRA-ESP";2002;10;20;45;1000;1784,27;463,3;0
"BRA-ESP";2002;10;25;25;2943;0;0;0
"BRA-ESP";2002;10;25;30;2943;0;0;0
"BRA-ESP";2002;10;25;45;23200;17560,2;2432,89;0
"BRA-ESP";2002;10;30;25;3924;0;0;0
"BRA-ESP";2002;11;5;30;4812;0;0;0
"BRA-ESP";2002;11;10;30;50348;4531,3;0;0
"BRA-ESP";2002;11;15;25;6450;0;0;0
"BRA-ESP";2002;11;15;30;15648;9333,8;0;0
"BRA-ESP";2002;11;20;45;990;791;203,4;0
"BRA-ESP";2002;11;25;40;3100;701,73;42,94;45,2
"BRA-ESP";2002;11;25;45;13200;6444,39;638,45;0
"BRA-ESP";2002;12;15;20;3615;0;0;0
"BRA-ESP";2002;12;15;25;17695;0;0;0
"BRA-ESP";2002;12;15;30;42528;22148;0;0
"BRA-ESP";2002;12;20;25;43533;339;452;305,1
"BRA-ESP";2002;12;20;30;7150;2892,8;1485,95;2378,65
"BRA-ESP";2002;12;25;35;2000;135,6;16,95;0
